Name,Category,Demand,Volatility,Rarity,TrueVal,Trade Hub,Proto,Date
Polterpaw,Bobbers,,,,,,,2026-10-05 19:55:08
Pumkitty,Bobbers,,,,,,,2026-10-05 19:55:08
Scaredy Cat,Bobbers,,,,,,,2026-10-05 19:55:08
Plushreaver Batty,Rod Skins,,,,,325000,,2026-10-05 19:55:08
Crimson Excision,Rod Skins,,,,,1200000,,2026-10-05 19:55:08
Plushreaver Ghosty,Rod Skins,,,,,308000,,2026-10-05 19:55:08
Ominous Ouija,Rod Skins,,,,,435000,,2026-10-05 19:55:08
Zombygdala,Rod Skins,,,,,120000,,2026-10-05 19:55:08
Paranormeow,Boats,,,,,875000,,2026-10-05 19:55:08
Puff of Heaven,Rod Skins,Medium,Stable,Extremely Rare,,,7200.0,2026-10-05 19:55:08
Cthulu's Revenge,Rod Skins,Medium,Stable,Extremely Rare,,26300000,5000.0,2026-10-05 19:55:08
Evangeline,Boats,High,Stable,Very Rare,10800000,10800000,2250.0,2026-10-05 19:55:08
Nocturne,Boats,High,Stable,Very Rare,9400000,10600000,1800.0,2026-10-05 19:55:08
Curse IV,Boats,High,Stable,Very Rare,9200000,9200000,1650.0,2026-10-05 19:55:08
Cyanic Demonride,Rod Skins,High,Stable,Rare,7400000,7600000,1500.0,2026-10-05 19:55:08
Scarwing,Rod Skins,High,Stable,Rare,7200000,6600000,1325.0,2026-10-05 19:55:08
Heavyblade of Glory,Rod Skins,High,Stable,Uncommon,4500000,4700000,775.0,2026-10-05 19:55:08
Slime Trade Booth,Booths,Medium,Hoarded,Very Rare,3900000,4000000,700.0,2026-10-05 19:55:08
Black Comet,Boats,Medium,Hoarded,Very Rare,3500000,3400000,475.0,2026-10-05 19:55:08
The Reaper,Rod Skins,High,Stable,Uncommon,3500000,3300000,460.0,2026-10-05 19:55:08
Fuchsia Fidelity,Rod Skins,High,Hoarded,Rare,3100000,2800000,400.0,2026-10-05 19:55:08
Malevolence,Rod Skins,High,Manipulated,Common,2600000,2800000,390.0,2026-10-05 19:55:08
Platinum Menace,Rod Skins,High,Stable,Common,2700000,2600000,375.0,2026-10-05 19:55:08
Final Census,Rod Skins,High,Stable,Common,2400000,2100000,325.0,2026-10-05 19:55:08
Nessie Booth,Booths,Medium,Stable,Rare,2300000,1900000,285.0,2026-10-05 19:55:08
Cuddly Claw,Boats,High,Stable,Uncommon,2000000,1900000,260.0,2026-10-05 19:55:08
Demonwake,Boats,Medium,Hoarded,Rare,2000000,1700000,255.0,2026-10-05 19:55:08
Dreamline,Rod Skins,High,Stable,Rare,1900000,1800000,250.0,2026-10-05 19:55:08
Meowmobile,Boats,Medium,Stable,Rare,1500000,1700000,220.0,2026-10-05 19:55:08
Cthulunaut,Submarines,Medium,Stable,Rare,1700000,1500000,215.0,2026-10-05 19:55:08
Seastrum,Rod Skins,High,Stable,Common,1800000,1600000,210.0,2026-10-05 19:55:08
Elysian Jolt,Boats,Medium,Hoarded,Rare,1600000,1400000,185.0,2026-10-05 19:55:08
Violet Viper,Boats,Medium,Hoarded,Uncommon,1600000,1400000,180.0,2026-10-05 19:55:08
Purr of Rebellion,Rod Skins,High,Stable,Uncommon,1500000,1500000,175.0,2026-10-05 19:55:08
Curse III,Boats,High,Stable,Uncommon,1400000,1200000,170.0,2026-10-05 19:55:08
Pastel Impulse,Boats,Medium,Stable,Rare,1500000,1300000,165.0,2026-10-05 19:55:08
Shelter Booth,Booths,Medium,Stable,Rare,1000000,1100000,165.0,2026-10-05 19:55:08
Pinky Parcel,Gliders,High,Stable,Uncommon,1100000,950000,155.0,2026-10-05 19:55:08
Aurelia’s Grace,Rod Skins,Medium,Manipulated,Very Rare,1200000,1200000,150.0,2026-10-05 19:55:08
Radiant Executioner,Rod Skins,High,Manipulated,Common,950000,975000,150.0,2026-10-05 19:55:08
AntiMatter,Rod Skins,High,Stable,Common,945000,907000,120.0,2026-10-05 19:55:08
Puffernaut,Submarines,Medium,Stable,Uncommon,1000000,975000,120.0,2026-10-05 19:55:08
Kraken of the Void,Boats,Medium,Stable,Rare,950000,950000,120.0,2026-10-05 19:55:08
Pantheress,Boats,High,Stable,Uncommon,860000,831000,115.0,2026-10-05 19:55:08
Cathedral Booth,Booths,Medium,Stable,Uncommon,700000,795000,110.0,2026-10-05 19:55:08
Crest of Galactica,Rod Skins,High,Stable,Common,930000,870000,110.0,2026-10-05 19:55:08
Cthulhu Boat,Boats,Medium,Hoarded,Rare,1000000,975000,100.0,2026-10-05 19:55:08
Petrichor,Rod Skins,High,Stable,Common,875000,815000,100.0,2026-10-05 19:55:08
Infrared Tunes,Rod Skins,High,Stable,Common,865000,824000,100.0,2026-10-05 19:55:08
Midnight Cruiser,Boats,Very Low,Hoarded,,30000,27600,100.0,2026-10-05 19:55:08
Roslit Leviathan,Rod Skins,Low,Stable,,500000,2100000,100.0,2026-10-05 19:55:08
Umbral Vengeance,Rod Skins,High,Hoarded,Uncommon,735000,756000,100.0,2026-10-05 19:55:08
Stars Highways,Rod Skins,High,Stable,Common,850000,804000,95.0,2026-10-05 19:55:08
Blue Bonsai,Gliders,High,Stable,Uncommon,677000,611000,90.0,2026-10-05 19:55:08
Poltergeist,Rod Skins,High,Stable,Common,820000,760000,90.0,2026-10-05 19:55:08
Bunblade,Rod Skins,High,Stable,Uncommon,625000,675000,80.0,2026-10-05 19:55:08
Kaboom!,Rod Skins,High,Stable,Common,655000,623000,75.0,2026-10-05 19:55:08
Inky Pal,Boats,Low,Stable,,250000,246000,75.0,2026-10-05 19:55:08
Archangelite,Rod Skins,High,Stable,Common,675000,587000,75.0,2026-10-05 19:55:08
Plushy Duomo,Boats,High,Stable,Common,735000,673000,75.0,2026-10-05 19:55:08
Peep Princess Booth,Booths,Medium,Stable,Uncommon,665000,461000,75.0,2026-10-05 19:55:08
Koutetsu,Boats,Medium,Stable,Common,645000,640000,70.0,2026-10-05 19:55:08
Purrari,Boats,Medium,Stable,Uncommon,535000,471000,70.0,2026-10-05 19:55:08
Inkling Overseer,Rod Skins,Low,Stable,,450000,988000,70.0,2026-10-05 19:55:08
Seraphic Rainbow,Rod Skins,Medium,Stable,Rare,695000,640000,70.0,2026-10-05 19:55:08
Pyre of Mercy,Rod Skins,Medium,Hoarded,Rare,460000,402000,70.0,2026-10-05 19:55:08
Orange Unicycle,Boats,Low,Stable,,295000,395000,70.0,2026-10-05 19:55:08
Sushi-Rider,Boats,Low,Stable,,200000,173000,65.0,2026-10-05 19:55:08
Brutal Redemption,Rod Skins,High,Stable,Common,620000,590000,65.0,2026-10-05 19:55:08
Grand Symphony,Rod Skins,High,Stable,Uncommon,541000,487000,60.0,2026-10-05 19:55:08
Wings of Ruin,Rod Skins,Medium,Stable,,225000,308000,60.0,2026-10-05 19:55:08
Jettling,Boats,Medium,Hoarded,Uncommon,520000,483000,60.0,2026-10-05 19:55:08
Amouria,Rod Skins,Medium,Stable,Common,515000,615000,60.0,2026-10-05 19:55:08
The Blubbernaut,Submarines,Low,Stable,Uncommon,600000,510000,60.0,2026-10-05 19:55:08
Draconica,Boats,Medium,Stable,Common,550000,554000,60.0,2026-10-05 19:55:08
Dreadmarrow,Boats,Low,Hoarded,Very Rare,420000,578000,60.0,2026-10-05 19:55:08
Party Puffer,Rod Skins,Medium,Stable,Common,460000,432000,55.0,2026-10-05 19:55:08
Surgeon's Sword,Rod Skins,High,Stable,Common,440000,394000,55.0,2026-10-05 19:55:08
Transcendence,Boats,Medium,Stable,Common,530000,535000,55.0,2026-10-05 19:55:08
Xanthos,Boats,Medium,Stable,Common,475000,437000,55.0,2026-10-05 19:55:08
Echolocator,Rod Skins,Medium,Stable,Common,365000,390000,50.0,2026-10-05 19:55:08
Diablo,Boats,Medium,Stable,Rare,430000,390000,50.0,2026-10-05 19:55:08
Silkbane,Rod Skins,Medium,Stable,,365000,640000,50.0,2026-10-05 19:55:08
Lyrical Loft,Booths,Medium,Stable,Uncommon,390000,390000,50.0,2026-10-05 19:55:08
Frostbite,Boats,Medium,Stable,Uncommon,415000,352000,50.0,2026-10-05 19:55:08
Popsicle Jetski,Boats,Very Low,Stable,,100000,177000,50.0,2026-10-05 19:55:08
Flame Shears,Rod Skins,Very Low,Stable,,,,50.0,2026-10-05 19:55:08
Onyxum,Boats,Medium,Stable,Common,450000,405000,50.0,2026-10-05 19:55:08
King of the Kraken,Boats,,,,,,50.0,2026-10-05 19:55:08
Nullprawn,Boats,Medium,Stable,,350000,320000,45.0,2026-10-05 19:55:08
Voided Onirifalx,Rod Skins,Medium,Stable,,37000,71800,45.0,2026-10-05 19:55:08
Raingokart,Boats,Medium,Stable,Uncommon,380000,366000,45.0,2026-10-05 19:55:08
Cyber Shooter,Rod Skins,Medium,Stable,,270000,600000,45.0,2026-10-05 19:55:08
Botanica,Boats,Medium,Stable,,325000,325000,45.0,2026-10-05 19:55:08
RoboChomp!,Rod Skins,Medium,Stable,,350000,365000,45.0,2026-10-05 19:55:08
Luckysaurus,Rod Skins,Low,Stable,Uncommon,305000,353000,45.0,2026-10-05 19:55:08
Macabre Mistress,Boats,Medium,Stable,Uncommon,345000,343000,45.0,2026-10-05 19:55:08
Melodii,Rod Skins,Medium,Stable,Common,320000,400000,45.0,2026-10-05 19:55:08
Shinigami,Boats,Medium,Stable,,380000,365000,45.0,2026-10-05 19:55:08
Ivorous,Boats,Medium,Stable,,240000,227000,45.0,2026-10-05 19:55:08
CritSlasher,Rod Skins,Medium,Stable,,315000,315000,45.0,2026-10-05 19:55:08
Martyr's Battleaxe,Rod Skins,Medium,Stable,,390000,353000,40.0,2026-10-05 19:55:08
Sweetheart Scissors,Rod Skins,Medium,Stable,Uncommon,380000,324000,40.0,2026-10-05 19:55:08
Mortisfalx,Rod Skins,Low,Stable,,,,40.0,2026-10-05 19:55:08
Iridescence,Boats,Medium,Stable,,250000,272000,40.0,2026-10-05 19:55:08
Guardian Angel,Boats,Medium,Stable,Uncommon,350000,324000,40.0,2026-10-05 19:55:08
Mew-FO,Gliders,Medium,Stable,,275000,268000,40.0,2026-10-05 19:55:08
Corruptor,Boats,Medium,Stable,,270000,220000,40.0,2026-10-05 19:55:08
Infrarana,Boats,Medium,Stable,,360000,380000,40.0,2026-10-05 19:55:08
Cobalt Crusader,Rod Skins,Medium,Stable,,345000,322000,40.0,2026-10-05 19:55:08
Mango Tango!,Rod Skins,Medium,Stable,,335000,316000,40.0,2026-10-05 19:55:08
Celestiana,Rod Skins,Medium,Stable,,365000,325000,38.0,2026-10-05 19:55:08
Nevermore,Boats,Medium,Stable,,295000,300000,38.0,2026-10-05 19:55:08
Celestial Cadence,Rod Skins,Medium,Stable,,345000,272000,35.0,2026-10-05 19:55:08
Forgotten Doodle,Rod Skins,Low,Stable,,,240000,35.0,2026-10-05 19:55:08
Riptide,Boats,Medium,Stable,,235000,179000,35.0,2026-10-05 19:55:08
Hollowed Harp,Rod Skins,Medium,Stable,,325000,303000,35.0,2026-10-05 19:55:08
Mechanexus,Boats,Medium,Stable,Rare,320000,271000,35.0,2026-10-05 19:55:08
Petalstrike,Rod Skins,Low,Hoarded,,2100000,3400000,35.0,2026-10-05 19:55:08
Doodle King,Rod Skins,Very Low,Stable,,,,35.0,2026-10-05 19:55:08
Nameless Illuminator,Rod Skins,Medium,Stable,,305000,311000,35.0,2026-10-05 19:55:08
Sanzu's Embrace,Rod Skins,Medium,Stable,,275000,205000,35.0,2026-10-05 19:55:08
Astropod,Boats,Low,Stable,,290000,286000,35.0,2026-10-05 19:55:08
Winged Royalty,Boats,Medium,Stable,Uncommon,340000,350000,35.0,2026-10-05 19:55:08
Banana Cruiser,Boats,Low,Stable,,160000,423000,35.0,2026-10-05 19:55:08
Dutchman's Penance,Rod Skins,Medium,Stable,,210000,247000,35.0,2026-10-05 19:55:08
Meowtastic Tower,Rod Skins,Medium,Stable,,315000,275000,35.0,2026-10-05 19:55:08
Soulful Omen,Rod Skins,Medium,Stable,,280000,254000,35.0,2026-10-05 19:55:08
Malisteel,Rod Skins,Medium,Stable,,240000,229000,35.0,2026-10-05 19:55:08
Wavestrummer,Boats,Medium,Stable,Uncommon,325000,316000,35.0,2026-10-05 19:55:08
Solstice Partners,Rod Skins,Medium,Stable,,300000,266000,35.0,2026-10-05 19:55:08
Racerbooth,Booths,,,,,300000,30.0,2026-10-05 19:55:08
Shiny Nessie,Rod Skins,Low,Stable,,450000,845000,30.0,2026-10-05 19:55:08
Bow-Wow,Rod Skins,Medium,Stable,,190000,180000,30.0,2026-10-05 19:55:08
Arcane Elegance,Rod Skins,Low,Stable,,,,30.0,2026-10-05 19:55:08
Raven's Hush,Rod Skins,Medium,Stable,Rare,375000,315000,30.0,2026-10-05 19:55:08
Reef Ripper,Boats,Low,Stable,,,,30.0,2026-10-05 19:55:08
Kitty Keys,Rod Skins,Medium,Stable,,340000,300000,30.0,2026-10-05 19:55:08
Ethereal Kraken,Rod Skins,Low,Stable,,450000,1100000,30.0,2026-10-05 19:55:08
Nightfaller,Boats,Medium,Stable,,265000,225000,30.0,2026-10-05 19:55:08
Gilded Heart,Rod Skins,Low,Hoarded,,200000,365000,30.0,2026-10-05 19:55:08
Rawrboard,Rod Skins,Medium,Stable,Common,275000,240000,30.0,2026-10-05 19:55:08
Time Reaper,Rod Skins,Medium,Stable,,195000,213000,30.0,2026-10-05 19:55:08
Celestial Prismheart,Rod Skins,Medium,Stable,,,,30.0,2026-10-05 19:55:08
Lily of Glacia,Boats,Medium,Stable,,240000,271000,30.0,2026-10-05 19:55:08
Nekobura,Rod Skins,Medium,Stable,,240000,228000,30.0,2026-10-05 19:55:08
Crypted Ivory,Rod Skins,Medium,Hoarded,Rare,425000,378000,30.0,2026-10-05 19:55:08
Love Specter,Rod Skins,Low,Stable,,,,30.0,2026-10-05 19:55:08
Majesty's Wand,Rod Skins,Low,Stable,,40000,90300,30.0,2026-10-05 19:55:08
Halberd of Reverence,Rod Skins,Low,Stable,,4000000,3500000,30.0,2026-10-05 19:55:08
Silverback Dreamer,Rod Skins,Low,Stable,,,242000,30.0,2026-10-05 19:55:08
Volcanic Speedboat,Boats,Low,Stable,,11000,,30.0,2026-10-05 19:55:08
Lavenescence,Rod Skins,Medium,Stable,,250000,219000,28.0,2026-10-05 19:55:08
Talismania,Rod Skins,Medium,Stable,Common,250000,250000,28.0,2026-10-05 19:55:08
Vitalica,Boats,Medium,Stable,,180000,165000,28.0,2026-10-05 19:55:08
Feather Finder Rod,Rod Skins,Very Low,Stable,,,,25.0,2026-10-05 19:55:08
Love Crasher,Boats,Very Low,Stable,,5500,,25.0,2026-10-05 19:55:08
Chromancer,Rod Skins,Medium,Stable,,300000,255000,25.0,2026-10-05 19:55:08
Tropica Booth,Booths,Medium,Stable,,316000,280000,25.0,2026-10-05 19:55:08
Zephyrmantis,Boats,Medium,Stable,,100000,100000,25.0,2026-10-05 19:55:08
Sunfyre,Boats,Low,Stable,,150000,126000,25.0,2026-10-05 19:55:08
Porcelain Chord,Rod Skins,Medium,Stable,,240000,215000,25.0,2026-10-05 19:55:08
Gloombear,Rod Skins,Medium,Stable,,180000,216000,25.0,2026-10-05 19:55:08
Starliner,Boats,Medium,Stable,,150000,168000,25.0,2026-10-05 19:55:08
Banana Rod,Rod Skins,Medium,Stable,,120000,281000,25.0,2026-10-05 19:55:08
Nemesis,Boats,Medium,Stable,,170000,161000,25.0,2026-10-05 19:55:08
Monsleeper,Rod Skins,,,,,,25.0,2026-10-05 19:55:08
Apple Cider,Lanterns,Medium,Stable,,70000,65200,25.0,2026-10-05 19:55:08
Bunvoyage,Boats,Medium,Stable,,115000,140000,25.0,2026-10-05 19:55:08
Sweet Picnic Glider,Gliders,Medium,Stable,,140000,136000,24.0,2026-10-05 19:55:08
Dovepoint,Rod Skins,Medium,Stable,Uncommon,215000,209000,22.0,2026-10-05 19:55:08
Polarastar,Gliders,Medium,Stable,,150000,141000,22.0,2026-10-05 19:55:08
Soulflayer,Rod Skins,Low,Stable,,,250000,20.0,2026-10-05 19:55:08
Krampus Curse,Boats,Medium,Stable,,170000,128000,20.0,2026-10-05 19:55:08
Grandmaster Key,Rod Skins,Low,Stable,,,,20.0,2026-10-05 19:55:08
Joyous Lollipop,Rod Skins,Medium,Stable,,180000,169000,20.0,2026-10-05 19:55:08
Onslaught,Rod Skins,Medium,Stable,,175000,155000,20.0,2026-10-05 19:55:08
Dionysus's Chalice,Rod Skins,Low,Stable,,15000,48000,20.0,2026-10-05 19:55:08
Mighty Pencil,Rod Skins,Medium,Stable,,195000,180000,20.0,2026-10-05 19:55:08
Bandit Squid,Rod Skins,Medium,Stable,,190000,168000,20.0,2026-10-05 19:55:08
Bubblecrest Sceptre,Rod Skins,Medium,Stable,,175000,134000,20.0,2026-10-05 19:55:08
Triple Fishstaff,Rod Skins,Medium,Stable,,185000,157000,20.0,2026-10-05 19:55:08
Tidepiercer,Rod Skins,Low,Stable,,10000,10600,20.0,2026-10-05 19:55:08
Bubbly Benediction,Rod Skins,Medium,Stable,,130000,124000,20.0,2026-10-05 19:55:08
Twilight's Wildcard,Rod Skins,Medium,Stable,,80000,82900,20.0,2026-10-05 19:55:08
Stellarweaver,Rod Skins,Low,Stable,,,,20.0,2026-10-05 19:55:08
Poyastar,Gliders,Medium,Stable,,120000,113000,20.0,2026-10-05 19:55:08
Razorella,Boats,Low,Stable,,100000,99500,20.0,2026-10-05 19:55:08
Joyous Hat,Gliders,Medium,Stable,,115000,122000,20.0,2026-10-05 19:55:08
Paper Plane,Gliders,Medium,Stable,,112000,141000,20.0,2026-10-05 19:55:08
Jelly Cascade,Gliders,Medium,Stable,,160000,143000,20.0,2026-10-05 19:55:08
Waffle Rod,Rod Skins,Low,Stable,,75000,120000,20.0,2026-10-05 19:55:08
Biggy Bubble,Boats,Low,Stable,,105000,83700,20.0,2026-10-05 19:55:08
Crested Dragon Wings,Gliders,Low,Stable,,101000,120000,20.0,2026-10-05 19:55:08
Spirit of the Eclipse,Rod Skins,Very Low,Stable,,,,18.3,2026-10-05 19:55:08
Arteria,Boats,Low,Stable,,165000,138000,18.0,2026-10-05 19:55:08
Sakura Soarer,Gliders,Medium,Stable,,75000,71300,18.0,2026-10-05 19:55:08
Gliding Thru Time,Gliders,Medium,Stable,,75000,60000,18.0,2026-10-05 19:55:08
Cupid's Cut,Rod Skins,Medium,Stable,,145000,137000,18.0,2026-10-05 19:55:08
Celestial Cruiser,Boats,Low,Stable,,50000,85100,18.0,2026-10-05 19:55:08
Imperial Mauve,Rod Skins,Medium,Stable,,195000,117000,18.0,2026-10-05 19:55:08
Blightwing,Rod Skins,Low,Stable,,250000,382000,18.0,2026-10-05 19:55:08
Illuma,Gliders,Medium,Stable,,60000,61500,18.0,2026-10-05 19:55:08
Froggy Snips,Rod Skins,Medium,Stable,,130000,120000,18.0,2026-10-05 19:55:08
Somber Oath,Rod Skins,Medium,Stable,,134000,130000,18.0,2026-10-05 19:55:08
Jet of the Exalted,Boats,Medium,Stable,,100000,114000,18.0,2026-10-05 19:55:08
Sterling Parasol,Rod Skins,Medium,Stable,,180000,156000,18.0,2026-10-05 19:55:08
Bubblegum Ripper,Rod Skins,Medium,Stable,,130000,120000,18.0,2026-10-05 19:55:08
Pow-Nom,Rod Skins,Medium,Stable,,120000,108000,18.0,2026-10-05 19:55:08
Loot Rider,Boats,Low,Stable,,3500,3400,16.7,2026-10-05 19:55:08
Hourglass Boat,Boats,Very Low,Stable,,,,16.7,2026-10-05 19:55:08
Spiritflutter,Boats,Low,Stable,,60000,75000,15.0,2026-10-05 19:55:08
Phantom Pawster,Boats,Low,Stable,,100000,79200,15.0,2026-10-05 19:55:08
Speakerwings,Gliders,Medium,Stable,,60000,60000,15.0,2026-10-05 19:55:08
Angel's Minigame,Rod Skins,High,Stable,Common,120000,113000,15.0,2026-10-05 19:55:08
Emerald Lagoon,Rod Skins,Very Low,Stable,,,,15.0,2026-10-05 19:55:08
Head of Cthulu,Boats,Very Low,Stable,,,,15.0,2026-10-05 19:55:08
Fishi Citrus,Rod Skins,Medium,Stable,,100000,93800,15.0,2026-10-05 19:55:08
Novaris,Boats,Low,Stable,,44000,106000,15.0,2026-10-05 19:55:08
Patchy Glider,Gliders,Low,Stable,,65000,60000,15.0,2026-10-05 19:55:08
Wisteria Scythe,Rod Skins,Medium,Stable,,120000,109000,15.0,2026-10-05 19:55:08
Poseidon's Wrath,Rod Skins,Low,Stable,,,,15.0,2026-10-05 19:55:08
Skeletal Death,Rod Skins,Low,Stable,,,,15.0,2026-10-05 19:55:08
Shadowfell's Reckoning,Rod Skins,Medium,Stable,,119000,120000,15.0,2026-10-05 19:55:08
Peppermint Purrs,Rod Skins,Very Low,Stable,,28000,68400,15.0,2026-10-05 19:55:08
Mecha Ray,Boats,Low,Stable,,90000,106000,15.0,2026-10-05 19:55:08
Raijin’s Wrath,Rod Skins,Low,Stable,,65000,49100,15.0,2026-10-05 19:55:08
Meteor Blade,Rod Skins,Low,Stable,,45000,99400,15.0,2026-10-05 19:55:08
Celestial Relic,Rod Skins,Very Low,Stable,,,,15.0,2026-10-05 19:55:08
Cobalt Corsair,Boats,Very Low,Stable,,3000,3500,15.0,2026-10-05 19:55:08
Tanuki Trinket,Rod Skins,Low,Stable,,55000,85100,15.0,2026-10-05 19:55:08
Arachne,Boats,Low,Stable,,120000,124000,15.0,2026-10-05 19:55:08
Abyssal Sovereign,Rod Skins,Low,Stable,,,,15.0,2026-10-05 19:55:08
Frutiger Tunes,Boats,Very Low,Stable,Rare,125000,133000,15.0,2026-10-05 19:55:08
Skygold Sprinter,Boats,Very Low,Stable,,3000,,15.0,2026-10-05 19:55:08
Abyssal Goliath,Rod Skins,Low,Stable,,,380000,15.0,2026-10-05 19:55:08
Starcrusher,Rod Skins,Medium,Hoarded,Rare,185000,175000,14.0,2026-10-05 19:55:08
Midas Spirit,Rod Skins,,,,,,13.3,2026-10-05 19:55:08
Evergreene,Rod Skins,Low,Stable,,65000,72000,13.0,2026-10-05 19:55:08
Coquette,Boats,Medium,Stable,,100000,116000,13.0,2026-10-05 19:55:08
Velocitide,Boats,Low,Stable,,60000,69100,12.0,2026-10-05 19:55:08
Nightly Blossom,Rod Skins,Medium,Stable,,106000,102000,12.0,2026-10-05 19:55:08
Gleeb 9000,Boats,Low,Stable,,50000,167000,12.0,2026-10-05 19:55:08
Icedolon,Rod Skins,Medium,Stable,,,,12.0,2026-10-05 19:55:08
Glitchseeker,Rod Skins,Low,Stable,,,,12.0,2026-10-05 19:55:08
Warp Star,Boats,Low,Stable,,15000,16200,11.7,2026-10-05 19:55:08
Hand of Slime,Rod Skins,Low,Stable,,35000,48200,11.0,2026-10-05 19:55:08
Witchy Ember,Rod Skins,Low,Stable,,55000,50000,11.0,2026-10-05 19:55:08
Gummy Bam!,Rod Skins,Medium,Stable,,110000,98900,11.0,2026-10-05 19:55:08
Sweet Scratches,Rod Skins,Medium,Stable,,150000,140000,11.0,2026-10-05 19:55:08
Scorpferno,Boats,Low,Stable,,37000,120000,10.0,2026-10-05 19:55:08
Galactic Virge,Rod Skins,Low,Stable,,34000,39700,10.0,2026-10-05 19:55:08
Banana of the Depths,Rod Skins,Low,Stable,,35000,94400,10.0,2026-10-05 19:55:08
Frosted Oscar,Rod Skins,Low,Stable,,10400,,10.0,2026-10-05 19:55:08
Fierce Sushi,Rod Skins,Medium,Stable,Common,75000,69200,10.0,2026-10-05 19:55:08
Mega Seal,Boats,Medium,Stable,,95500,195000,10.0,2026-10-05 19:55:08
Fishscale Waverider,Boats,Low,Stable,,,,10.0,2026-10-05 19:55:08
Pearsicle,Rod Skins,Medium,Stable,,70000,67500,10.0,2026-10-05 19:55:08
Celestial Ghoul,Rod Skins,Very Low,Stable,,,,10.0,2026-10-05 19:55:08
Pegasus,Rod Skins,Low,Stable,,40000,41000,10.0,2026-10-05 19:55:08
Hades' Servitude,Rod Skins,Low,Stable,,50000,69300,10.0,2026-10-05 19:55:08
Silkwings,Gliders,Low,Stable,,75000,56100,10.0,2026-10-05 19:55:08
Crystallized Dagger,Rod Skins,Very Low,Stable,,,,10.0,2026-10-05 19:55:08
Rod of the Gemmer,Rod Skins,Very Low,Stable,,500,,10.0,2026-10-05 19:55:08
Citrus Sail,Gliders,Medium,Stable,,71000,61500,10.0,2026-10-05 19:55:08
Marlin Zenith,Rod Skins,Very Low,Stable,,,,10.0,2026-10-05 19:55:08
Cherub's Chill,Rod Skins,Low,Stable,,37000,41400,9.0,2026-10-05 19:55:08
Ecosync,Rod Skins,Medium,Stable,,60000,60000,9.0,2026-10-05 19:55:08
Nessie Rod,Rod Skins,Low,Stable,,120000,133000,9.0,2026-10-05 19:55:08
Lemeownade,Rod Skins,Medium,Stable,,70000,61800,9.0,2026-10-05 19:55:08
Spirit of the Depths,Rod Skins,,,,,,8.3,2026-10-05 19:55:08
Illumina,Rod Skins,,,,,,8.3,2026-10-05 19:55:08
Midas Shears,Rod Skins,,,,,,8.3,2026-10-05 19:55:08
Bloodwing,Rod Skins,Low,Stable,,1000,,8.3,2026-10-05 19:55:08
Coralhook,Rod Skins,Very Low,Stable,,450,,8.3,2026-10-05 19:55:08
Challenger of Marlin,Rod Skins,Very Low,Stable,,,,8.3,2026-10-05 19:55:08
Driftblub,Boats,Very Low,Stable,,3000,2300,8.3,2026-10-05 19:55:08
Carrot Hopper,Boats,Low,Stable,,50000,68900,8.0,2026-10-05 19:55:08
Hoverslime,Boats,Low,Stable,,45000,82400,8.0,2026-10-05 19:55:08
Lagoon Tidebreaker,Rod Skins,,,,,130000,8.0,2026-10-05 19:55:08
Thief of Time,Boats,Low,Stable,,42000,44700,8.0,2026-10-05 19:55:08
Deepened Ink,Rod Skins,Very Low,Stable,,6000,,8.0,2026-10-05 19:55:08
Luvly Bunny Wand,Rod Skins,Medium,Stable,,,,8.0,2026-10-05 19:55:08
Fishcake Snack,Rod Skins,Medium,Stable,,65000,64599,8.0,2026-10-05 19:55:08
Galactic Tentacles,Rod Skins,Low,Stable,,,560000,8.0,2026-10-05 19:55:08
Chicken Leg,Rod Skins,Low,Stable,,300000,608000,8.0,2026-10-05 19:55:08
Phoenix Skate,Boats,Low,Stable,,45000,41200,8.0,2026-10-05 19:55:08
Luxcutter,Rod Skins,Medium,Stable,,75000,69200,8.0,2026-10-05 19:55:08
Sickle of Krampus,Rod Skins,Low,Stable,,60000,60000,8.0,2026-10-05 19:55:08
Salty Sardines,Rod Skins,Medium,Stable,,65000,60500,8.0,2026-10-05 19:55:08
Red Racer,Boats,Low,Stable,,15000,16900,8.0,2026-10-05 19:55:08
Shrimply Delicious,Rod Skins,Medium,Stable,,82000,71200,8.0,2026-10-05 19:55:08
Burgerbound,Rod Skins,Medium,Stable,,65000,59100,8.0,2026-10-05 19:55:08
Atlantean Jetski,Boats,Low,Stable,,7300,7000,8.0,2026-10-05 19:55:08
Gothic Archer,Rod Skins,Low,Stable,,70000,102000,7.5,2026-10-05 19:55:08
Stygian Winter,Rod Skins,Low,Stable,,70000,169000,7.5,2026-10-05 19:55:08
Pineapple Play,Rod Skins,Low,Stable,,50000,102000,7.5,2026-10-05 19:55:08
Sunny Ducky,Boats,Low,Stable,,50000,84800,7.5,2026-10-05 19:55:08
Bloom of Delicacy,Rod Skins,Low,Stable,,41000,50000,7.5,2026-10-05 19:55:08
Monsleeper Rod,Rod Skins,Low,Stable,,52000,120000,7.5,2026-10-05 19:55:08
The Mawrider,Boats,Low,Stable,,10000,9900,7.5,2026-10-05 19:55:08
Widow's Veil,Boats,Low,Stable,,16000,39700,7.0,2026-10-05 19:55:08
Sealphone,Rod Skins,Medium,Stable,,34000,40200,7.0,2026-10-05 19:55:08
Bunny Jetski,Boats,Low,Stable,,24000,54600,7.0,2026-10-05 19:55:08
uLemon,Rod Skins,Medium,Stable,,60000,60000,7.0,2026-10-05 19:55:08
Lady Unicorn,Boats,Low,Stable,,32000,37300,7.0,2026-10-05 19:55:08
Toro Veloce,Boats,Low,Stable,,19000,17900,7.0,2026-10-05 19:55:08
Red Riff Kitty,Boats,Low,Stable,,31000,31800,7.0,2026-10-05 19:55:08
Gravedigger,Boats,Low,Stable,,50000,51000,7.0,2026-10-05 19:55:08
Pink Rebel Kitty,Boats,Low,Stable,,3000,3900,7.0,2026-10-05 19:55:08
Midas Lagoon,Rod Skins,,,,,,6.7,2026-10-05 19:55:08
Eternal Marlin,Rod Skins,,,,,,6.7,2026-10-05 19:55:08
Voidcaller,Rod Skins,Low,Stable,,,,6.7,2026-10-05 19:55:08
Memories Of Gold,Rod Skins,Low,Stable,,7600,9400,6.7,2026-10-05 19:55:08
Spirit Seeker,Rod Skins,,,,,,6.7,2026-10-05 19:55:08
Abyssal Conduit,Rod Skins,Low,Stable,,,,6.7,2026-10-05 19:55:08
No Violet Rod,Rod Skins,Low,Stable,,,,6.7,2026-10-05 19:55:08
Cherry Boom,Rod Skins,Medium,Stable,,38500,35500,6.5,2026-10-05 19:55:08
Jelli Melon,Boats,Medium,Stable,,40000,51600,6.5,2026-10-05 19:55:08
Sparkizzle,Boats,Medium,Stable,,50000,44400,6.5,2026-10-05 19:55:08
Fizzfin,Boats,Low,Stable,,50000,51400,6.5,2026-10-05 19:55:08
Blue Cat,Boats,Low,Stable,,20000,27500,6.0,2026-10-05 19:55:08
Sundawn,Rod Skins,Low,Stable,,,945000,6.0,2026-10-05 19:55:08
Divine Ascension,Rod Skins,Low,Stable,,8000,10100,6.0,2026-10-05 19:55:08
Appl Cider,Rod Skins,Medium,Stable,,70000,90300,6.0,2026-10-05 19:55:08
Akagiri,Rod Skins,Low,Stable,,14000,41800,6.0,2026-10-05 19:55:08
Lunar Lullaby,Boats,Low,Stable,,50000,60000,6.0,2026-10-05 19:55:08
Cryo Cerulean,Rod Skins,Medium,Stable,,,,6.0,2026-10-05 19:55:08
Meanie Dog,Rod Skins,Medium,Stable,,33000,32400,6.0,2026-10-05 19:55:08
Regal Harmony,Rod Skins,Low,Stable,,73000,82600,6.0,2026-10-05 19:55:08
Stellar Labrys,Rod Skins,Low,Hoarded,,175000,145000,6.0,2026-10-05 19:55:08
Devil’s Trident,Rod Skins,,,,,,6.0,2026-10-05 19:55:08
Viridbane,Rod Skins,Low,Stable,,300000,591000,6.0,2026-10-05 19:55:08
Fisch Jet,Boats,Very Low,Stable,,37000,40500,5.5,2026-10-05 19:55:08
Doze-y-odon,Boats,Low,Stable,,20000,20900,5.5,2026-10-05 19:55:08
Pengu,Boats,Low,Stable,,,,5.5,2026-10-05 19:55:08
Milku Strawberry,Boats,Medium,Stable,,26000,30000,5.5,2026-10-05 19:55:08
Rainbow Spirit,Rod Skins,Very Low,Stable,,,,5.0,2026-10-05 19:55:08
Sanguisfalx,Rod Skins,Very Low,Stable,,33000,37000,5.0,2026-10-05 19:55:08
S'more Speedster,Boats,Low,Stable,,30000,26900,5.0,2026-10-05 19:55:08
Gondola,Boats,Low,Stable,,,,5.0,2026-10-05 19:55:08
Etherium,Rod Skins,Low,Stable,,5500,5900,5.0,2026-10-05 19:55:08
Frostbite Piercer,Rod Skins,Very Low,Stable,,,,5.0,2026-10-05 19:55:08
Frostpiercer,Rod Skins,Low,Stable,,15000,43100,5.0,2026-10-05 19:55:08
Neptune's Edge,Rod Skins,Medium,Stable,,,425000,5.0,2026-10-05 19:55:08
Sharkie Floatie,Boats,Low,Stable,,41000,40600,5.0,2026-10-05 19:55:08
Mourning Bloom,Boats,Low,Stable,,32500,45000,5.0,2026-10-05 19:55:08
Witch's Broom,Boats,Very Low,Stable,,4500,,5.0,2026-10-05 19:55:08
Decadent Cutlass,Rod Skins,Low,Stable,,34000,39600,5.0,2026-10-05 19:55:08
Runeflare,Rod Skins,Medium,Stable,,72000,95900,5.0,2026-10-05 19:55:08
Long Pike,Rod Skins,,,,,90000,5.0,2026-10-05 19:55:08
Lucky Tinkerer,Rod Skins,Very Low,Stable,,,,5.0,2026-10-05 19:55:08
Evil Claws,Rod Skins,Low,Stable,,60000,55400,5.0,2026-10-05 19:55:08
Tideglass,Rod Skins,,,,,,5.0,2026-10-05 19:55:08
Pond Splasher,Rod Skins,Low,Stable,,600000,928000,5.0,2026-10-05 19:55:08
Neon Arrow,Boats,Medium,Stable,,15000,13300,5.0,2026-10-05 19:55:08
Gemfly Rod,Rod Skins,,,,,,5.0,2026-10-05 19:55:08
Mighty Magma,Rod Skins,,,,,,5.0,2026-10-05 19:55:08
Milku Original,Boats,Medium,Stable,,22000,26000,5.0,2026-10-05 19:55:08
Cutie Sardines,Boats,Low,Stable,,30000,29700,5.0,2026-10-05 19:55:08
Eternal Ghoul,Rod Skins,,,,,,5.0,2026-10-05 19:55:08
Calvin’s Revenge,Rod Skins,Low,Stable,,15000,29700,5.0,2026-10-05 19:55:08
Glug,Boats,Low,Stable,,26000,25000,5.0,2026-10-05 19:55:08
Timeless Steel,Rod Skins,Low,Stable,Uncommon,29000,40900,5.0,2026-10-05 19:55:08
Eternal Shears,Rod Skins,Low,Stable,,35000,39100,5.0,2026-10-05 19:55:08
Dutchman's Spirit,Boats,Low,Stable,,3500,3100,5.0,2026-10-05 19:55:08
Exclamatorius,Rod Skins,Low,Stable,,45000,43100,5.0,2026-10-05 19:55:08
Icedagger,Rod Skins,Very Low,Stable,,40000,39200,4.5,2026-10-05 19:55:08
Milku Banana,Boats,Medium,Stable,,14000,20600,4.5,2026-10-05 19:55:08
Pixel Passion,Rod Skins,Low,Stable,,28000,33000,4.5,2026-10-05 19:55:08
Phantom Spectre,Rod Skins,Very Low,Stable,,,95000,4.0,2026-10-05 19:55:08
Tundra Strike,Rod Skins,Very Low,Stable,,,,4.0,2026-10-05 19:55:08
Crescent Cradle,Boats,Low,Stable,,35000,40000,4.0,2026-10-05 19:55:08
Victors Grace,Rod Skins,,,,,156000,4.0,2026-10-05 19:55:08
Rainbows Blessing,Rod Skins,Low,Stable,,,,4.0,2026-10-05 19:55:08
Jaded Spire,Rod Skins,,,,,190000,4.0,2026-10-05 19:55:08
Velvet's Jelly,Rod Skins,Medium,Stable,,,335000,4.0,2026-10-05 19:55:08
Requne Grape,Rod Skins,Medium,Stable,,40000,38600,4.0,2026-10-05 19:55:08
Digital Core,Boats,Low,Stable,,25000,23200,4.0,2026-10-05 19:55:08
Sinister Gates,Rod Skins,Low,Stable,,,120000,4.0,2026-10-05 19:55:08
Cardistry Bun,Boats,Low,Stable,,25000,22600,4.0,2026-10-05 19:55:08
Rod of the Dino Fang,Rod Skins,Low,Stable,,,,4.0,2026-10-05 19:55:08
Lucid Dreamer,Rod Skins,Very Low,Stable,,,,4.0,2026-10-05 19:55:08
Hellbringer,Rod Skins,Very Low,Stable,,,,4.0,2026-10-05 19:55:08
Heaven’s Love,Rod Skins,Very Low,Stable,,9300,12900,4.0,2026-10-05 19:55:08
Petal Power,Boats,Low,Stable,,12000,10800,4.0,2026-10-05 19:55:08
Dreadcurrent,Boats,Low,Stable,,25000,54600,4.0,2026-10-05 19:55:08
Leviathan's Trident,Rod Skins,,,,,,4.0,2026-10-05 19:55:08
Bluely Whale,Boats,Low,Stable,,9100,10300,4.0,2026-10-05 19:55:08
Easter Basket,Boats,Very Low,Stable,,,,4.0,2026-10-05 19:55:08
Draconic Champion,Rod Skins,,,,,2500000,4.0,2026-10-05 19:55:08
Violet Kraken,Rod Skins,,,,,,4.0,2026-10-05 19:55:08
Pinkly Whale,Boats,Low,Stable,,12000,14400,4.0,2026-10-05 19:55:08
Core of the Lagoon,Rod Skins,Very Low,Stable,,,,4.0,2026-10-05 19:55:08
Mosslurker Boat,Boats,Very Low,Stable,,14800,,4.0,2026-10-05 19:55:08
Dead Trident,Rod Skins,Very Low,Stable,,,,4.0,2026-10-05 19:55:08
Red Carbon,Rod Skins,,,,,,4.0,2026-10-05 19:55:08
No Melody,Rod Skins,Medium,Stable,,,,4.0,2026-10-05 19:55:08
Fruitshido,Rod Skins,Low,Stable,,27000,32299,4.0,2026-10-05 19:55:08
Slimebound,Rod Skins,Low,Stable,,,,3.5,2026-10-05 19:55:08
Scylla’s Shadow,Rod Skins,,,,,,3.5,2026-10-05 19:55:08
Encore,Boats,Low,Stable,,27500,27000,3.5,2026-10-05 19:55:08
Forgotten Doomspire,Rod Skins,Low,Stable,,,,3.5,2026-10-05 19:55:08
Lovebyte,Boats,Low,Stable,,27500,33300,3.5,2026-10-05 19:55:08
Crimson Solace,Rod Skins,Low,Hoarded,Rare,25000,67500,3.5,2026-10-05 19:55:08
Pretty Painter,Rod Skins,Medium,Stable,,15000,14700,3.5,2026-10-05 19:55:08
Evil Meows,Boats,Low,Stable,,21000,20700,3.5,2026-10-05 19:55:08
Heartseeker Bat,Rod Skins,Medium,Stable,,,45000,3.5,2026-10-05 19:55:08
Abyssal Constrictor,Rod Skins,Very Low,Stable,,39,,3.3,2026-10-05 19:55:08
Cthulu's Cranium,Boats,Very Low,Stable,,,,3.3,2026-10-05 19:55:08
Flying Dutchman,Boats,Low,Stable,,1000,,3.3,2026-10-05 19:55:08
Eldritch Sovereign,Rod Skins,,,,,,3.3,2026-10-05 19:55:08
Reborn Flying Dutchman,Boats,Very Low,Stable,,,,3.3,2026-10-05 19:55:08
Violetfly,Rod Skins,Very Low,Stable,,,,3.3,2026-10-05 19:55:08
Soul of Scylla,Rod Skins,,,,,,3.3,2026-10-05 19:55:08
Wrath of Zeus,Rod Skins,Low,Stable,,850000,1100000,3.0,2026-10-05 19:55:08
Angelic Meows,Boats,Low,Stable,,30000,28200,3.0,2026-10-05 19:55:08
Phantom Gripper,Rod Skins,Very Low,Stable,,,7300000,3.0,2026-10-05 19:55:08
Seraphs Judgment,Rod Skins,Medium,Stable,,1000000,2500000,3.0,2026-10-05 19:55:08
Prismatic Lightkeeper,Rod Skins,Medium,Stable,,,,3.0,2026-10-05 19:55:08
Nekoflip,Boats,Low,Stable,,21000,21600,3.0,2026-10-05 19:55:08
Sleepy Bear,Boats,Low,Stable,,20000,21400,3.0,2026-10-05 19:55:08
Flame Leviathan,Rod Skins,Very Low,Stable,,,,3.0,2026-10-05 19:55:08
Vampiric Fang,Rod Skins,Very Low,Stable,,8000,10400,3.0,2026-10-05 19:55:08
Midas Avalanche,Rod Skins,Very Low,Stable,,,,3.0,2026-10-05 19:55:08
Candy Crawlie,Boats,Low,Stable,,43000,52400,3.0,2026-10-05 19:55:08
Aetherwrath,Rod Skins,Very Low,Stable,,,,3.0,2026-10-05 19:55:08
Flipper Express,Boats,Low,Stable,,12500,15000,3.0,2026-10-05 19:55:08
Dragon’s Vigilance,Rod Skins,Low,Stable,,12600,20000,3.0,2026-10-05 19:55:08
Rainbow Revolution,Rod Skins,Low,Stable,,20000,16600,3.0,2026-10-05 19:55:08
Frostfang,Rod Skins,Low,Stable,,,,3.0,2026-10-05 19:55:08
Sugarspike,Rod Skins,Low,Stable,,11100,8000,3.0,2026-10-05 19:55:08
Arcspine,Rod Skins,Very Low,Stable,,,648000,3.0,2026-10-05 19:55:08
Drac-u-Cutie,Rod Skins,Low,Stable,,15000,15500,3.0,2026-10-05 19:55:08
Sapphire Blossom,Rod Skins,Low,Stable,,120000,306000,3.0,2026-10-05 19:55:08
Chromatic Cascade,Rod Skins,Low,Stable,,11900,13300,3.0,2026-10-05 19:55:08
Bonecaller's Spire,Rod Skins,Very Low,Stable,,,,3.0,2026-10-05 19:55:08
Darkheart,Rod Skins,Low,Stable,,15000,43000,3.0,2026-10-05 19:55:08
Frostmourner,Rod Skins,Low,Stable,,20000,40800,3.0,2026-10-05 19:55:08
Stormbringer,Rod Skins,,,,,,2.7,2026-10-05 19:55:08
Staff of the Phoenix,Rod Skins,Medium,Stable,,,,2.5,2026-10-05 19:55:08
Guardian of Atlantis,Boats,Low,Stable,,,,2.5,2026-10-05 19:55:08
Caelum Lullaby,Rod Skins,Medium,Stable,,,,2.5,2026-10-05 19:55:08
Crazy Naynay,Boats,Medium,Stable,,,,2.5,2026-10-05 19:55:08
Lovely Locket,Boats,Medium,Stable,,,,2.5,2026-10-05 19:55:08
Chilly Cub,Boats,Medium,Stable,,,,2.5,2026-10-05 19:55:08
Captain's Goldfish,Boats,Low,Stable,,15000,23600,2.5,2026-10-05 19:55:08
Mummy Puppy,Boats,Low,Stable,,16000,18600,2.5,2026-10-05 19:55:08
Whaleski,Boats,Low,Stable,,14700,11900,2.5,2026-10-05 19:55:08
Vespera's Dream,Rod Skins,Low,Stable,,13500,13000,2.5,2026-10-05 19:55:08
Anchor of the Sleeper,Rod Skins,,,,,,2.3,2026-10-05 19:55:08
Evil Quacker,Boats,Very Low,Stable,,3100,,2.3,2026-10-05 19:55:08
Heavenly Coral,Rod Skins,Very Low,Stable,,,,2.3,2026-10-05 19:55:08
Sleigh,Boats,Very Low,Stable,Abundant,165,,2.3,2026-10-05 19:55:08
Stormbreaker Trident,Rod Skins,,,,,,2.3,2026-10-05 19:55:08
Atlantean Quacker,Boats,Very Low,Stable,,100,,2.3,2026-10-05 19:55:08
Cursed Fang,Rod Skins,Low,Stable,,,,2.3,2026-10-05 19:55:08
Axofloatie,Boats,Low,Stable,,11600,12200,2.0,2026-10-05 19:55:08
White Blade,Rod Skins,Low,Stable,,3700,6000,2.0,2026-10-05 19:55:08
Black Opal,Rod Skins,Very Low,Stable,,,,2.0,2026-10-05 19:55:08
Celestial Colonist,Rod Skins,Low,Stable,,2000,2700,2.0,2026-10-05 19:55:08
Wildflower Spectra,Rod Skins,Medium,Stable,,,,2.0,2026-10-05 19:55:08
Orca’s Demise,Rod Skins,,,,,,2.0,2026-10-05 19:55:08
Forgotten Serpent,Rod Skins,Very Low,Stable,,,,2.0,2026-10-05 19:55:08
Lagoon's Shard,Rod Skins,Low,Stable,,7500,7700,2.0,2026-10-05 19:55:08
Heartless,Rod Skins,Low,Stable,,13500,15100,2.0,2026-10-05 19:55:08
Molten Jetski,Boats,Low,Stable,,7500,10300,2.0,2026-10-05 19:55:08
Cozy Sled,Boats,Low,Stable,,5000,,2.0,2026-10-05 19:55:08
Lotus,Boats,Medium,Stable,,,,2.0,2026-10-05 19:55:08
King’s Throne,Boats,,,,,,2.0,2026-10-05 19:55:08
Little Boo,Boats,Low,Stable,,6500,6800,2.0,2026-10-05 19:55:08
Pirate Trident,Rod Skins,Low,Stable,,10000,,2.0,2026-10-05 19:55:08
Serpent Cruiser,Boats,Very Low,Stable,,3400,,2.0,2026-10-05 19:55:08
Scarlet Saber,Rod Skins,Low,Stable,,,,2.0,2026-10-05 19:55:08
Snowmobile Jetski,Boats,Low,Stable,,1800,,2.0,2026-10-05 19:55:08
Santa’s Jetski,Boats,,,,,,2.0,2026-10-05 19:55:08
Fabulous Gift,Rod Skins,Low,Stable,,19000,30300,2.0,2026-10-05 19:55:08
Dreamer’s Redemption,Boats,Low,Stable,,4000,,2.0,2026-10-05 19:55:08
Obsidian Key,Rod Skins,Low,Stable,,,,2.0,2026-10-05 19:55:08
Neptune's Demand,Rod Skins,,,,,,1.7,2026-10-05 19:55:08
Swan Boat,Boats,Very Low,Stable,,,,1.7,2026-10-05 19:55:08
Fallen Angel,Rod Skins,,,,,,1.7,2026-10-05 19:55:08
Whispering Tentacles,Rod Skins,Very Low,Stable,,,,1.7,2026-10-05 19:55:08
Reindeer Cruiser,Boats,Very Low,Stable,,,,1.7,2026-10-05 19:55:08
Silent Zenith,Rod Skins,,,,,,1.7,2026-10-05 19:55:08
Sandslasher Boat,Boats,Low,Stable,,,,1.7,2026-10-05 19:55:08
Ocean Monarch,Rod Skins,,,,,,1.7,2026-10-05 19:55:08
Titan’s Spine,Rod Skins,,,,,,1.7,2026-10-05 19:55:08
Coral Specter,Rod Skins,Very Low,Stable,,,,1.7,2026-10-05 19:55:08
Frostledge,Rod Skins,,,,,,1.7,2026-10-05 19:55:08
Crowned Glory,Rod Skins,,,,,,1.7,2026-10-05 19:55:08
Lion’s Fury,Boats,,,,,,1.5,2026-10-05 19:55:08
Cosmic Eruption,Rod Skins,Very Low,Stable,,,,1.5,2026-10-05 19:55:08
Desolate Dragon,Boats,Very Low,Stable,,,,1.5,2026-10-05 19:55:08
Fyregem,Rod Skins,Very Low,Stable,,,,1.5,2026-10-05 19:55:08
Sea Pegasus,Boats,Very Low,Stable,,,,1.5,2026-10-05 19:55:08
Fishbowl,Boats,Low,Stable,,,,1.5,2026-10-05 19:55:08
Pride of Fisch,Boats,Low,Stable,,,,1.5,2026-10-05 19:55:08
Orion's Trace,Rod Skins,Low,Stable,,8700,6800,1.5,2026-10-05 19:55:08
Sunflower,Boats,Low,Stable,,,,1.5,2026-10-05 19:55:08
Hollywave Cruiser,Boats,Very Low,Stable,,6600,12400,1.5,2026-10-05 19:55:08
Nessie Nomad,Boats,Low,Stable,,10400,10000,1.5,2026-10-05 19:55:08
Waffle,Boats,Medium,Stable,,,,1.5,2026-10-05 19:55:08
Tubert Beetle,Boats,Very Low,Stable,,9000,,1.5,2026-10-05 19:55:08
Golden Roar,Rod Skins,Very Low,Stable,,,,1.5,2026-10-05 19:55:08
Monarch Charm,Rod Skins,Medium,Stable,,,,1.5,2026-10-05 19:55:08
Devil's Delicacy,Rod Skins,Low,Stable,,8000,7600,1.5,2026-10-05 19:55:08
Luminol Calamity,Rod Skins,Medium,Stable,,,,1.5,2026-10-05 19:55:08
Lovely Key,Boats,Medium,Stable,,,,1.5,2026-10-05 19:55:08
Spooky Swirl,Rod Skins,Medium,Stable,,,88000,1.5,2026-10-05 19:55:08
Stereo Catness,Rod Skins,Low,Stable,,9700,11800,1.5,2026-10-05 19:55:08
Aquabriar,Rod Skins,Low,Stable,,13000,13100,1.5,2026-10-05 19:55:08
Sunken Seabunny,Rod Skins,Medium,Stable,,,55000,1.5,2026-10-05 19:55:08
Lumalee,Boats,Low,Stable,,7000,10100,1.5,2026-10-05 19:55:08
Megaladon’s Tooth,Rod Skins,Very Low,Stable,,8000,13100,1.5,2026-10-05 19:55:08
Spinal Spectrum,Rod Skins,Medium,Stable,,,,1.5,2026-10-05 19:55:08
Krampus Fang,Rod Skins,Low,Stable,,,,1.5,2026-10-05 19:55:08
Unfortunate Present,Rod Skins,Very Low,Stable,,4400,,1.5,2026-10-05 19:55:08
Soft Stocking,Rod Skins,Low,Stable,,11000,10100,1.5,2026-10-05 19:55:08
Pineslicer,Rod Skins,Low,Stable,,5500,13600,1.5,2026-10-05 19:55:08
Mistletoe Prism,Rod Skins,Medium,Stable,,,,1.5,2026-10-05 19:55:08
Clock's Locket,Rod Skins,Very Low,Stable,,1400,1400,1.5,2026-10-05 19:55:08
Dango Paradise,Rod Skins,Low,Stable,,22500,45800,1.5,2026-10-05 19:55:08
Rosebud Rod,Rod Skins,Low,Stable,,9200,4600,1.5,2026-10-05 19:55:08
Seabun Scepter,Rod Skins,Medium,Stable,,,,1.5,2026-10-05 19:55:08
Neon Beats,Rod Skins,Medium,Stable,,,,1.5,2026-10-05 19:55:08
Signal 02,Rod Skins,Low,Stable,,14400,4600,1.5,2026-10-05 19:55:08
Spade of Sorrow,Rod Skins,Medium,Stable,,16300,16200,1.5,2026-10-05 19:55:08
Magenta Mayhem,Rod Skins,Medium,Stable,,17000,18600,1.5,2026-10-05 19:55:08
Phantom Ghoul,Rod Skins,,,,,,1.3,2026-10-05 19:55:08
Starry Tempest,Rod Skins,Very Low,Stable,,40000,50000,1.0,2026-10-05 19:55:08
Orca boat,Boats,Very Low,Stable,,4000,12000,1.0,2026-10-05 19:55:08
Cursed Frog,Rod Skins,Very Low,Stable,,,,1.0,2026-10-05 19:55:08
Nebula,Rod Skins,,,,,,1.0,2026-10-05 19:55:08
Lunar Prism,Rod Skins,Low,Stable,,,,1.0,2026-10-05 19:55:08
Long Violet,Rod Skins,Very Low,Stable,,,,1.0,2026-10-05 19:55:08
Jungle Explorer Boat,Boats,,,,,,1.0,2026-10-05 19:55:08
Fischmas Jetski,Boats,Low,Stable,,3500,,1.0,2026-10-05 19:55:08
Magician's Cluster,Rod Skins,Very Low,Stable,,7500,,1.0,2026-10-05 19:55:08
Holiday Steampunk Ship,Boats,,,,,,1.0,2026-10-05 19:55:08
Tri-Brick Rider,Boats,Low,Stable,,3700,,1.0,2026-10-05 19:55:08
Driftwind Weave,Rod Skins,Low,Stable,,,,1.0,2026-10-05 19:55:08
Thornspike Branch,Rod Skins,,,,,,1.0,2026-10-05 19:55:08
Dumbo,Boats,Low,Stable,,5600,,1.0,2026-10-05 19:55:08
Fallen King,Rod Skins,Low,Stable,,,,1.0,2026-10-05 19:55:08
Abyssal Vortex,Rod Skins,Low,Stable,,,,1.0,2026-10-05 19:55:08
Coral Champion,Rod Skins,,,,,,1.0,2026-10-05 19:55:08
Depth Growler,Rod Skins,Very Low,Stable,,7400,,1.0,2026-10-05 19:55:08
Nessie's Revelation,Rod Skins,,,,,,1.0,2026-10-05 19:55:08
Cursed Rowboat,Boats,Very Low,Stable,Abundant,125,,1.0,2026-10-05 19:55:08
Keeper of Regalia,Rod Skins,Very Low,Stable,,9000,9400,1.0,2026-10-05 19:55:08
Cult Follower,Rod Skins,Very Low,Stable,,,,1.0,2026-10-05 19:55:08
Coral Cruiser,Boats,Very Low,Stable,,,,1.0,2026-10-05 19:55:08
Clawberus,Boats,Low,Stable,,5300,,1.0,2026-10-05 19:55:08
Sage's Staff,Rod Skins,,,,,,1.0,2026-10-05 19:55:08
Nessie's Skeleton,Boats,,,,,,1.0,2026-10-05 19:55:08
Emberlight,Rod Skins,,,,,,1.0,2026-10-05 19:55:08
Mighty Leek,Rod Skins,,,,,,1.0,2026-10-05 19:55:08
Archaeological Boat,Boats,Very Low,Stable,,,,1.0,2026-10-05 19:55:08
Driftwood Voyager,Rod Skins,,,,,,1.0,2026-10-05 19:55:08
Lunar Halo,Rod Skins,,,,,,1.0,2026-10-05 19:55:08
Dark Monarch,Rod Skins,,,,,,1.0,2026-10-05 19:55:08
Abyssal Trenchkeeper,Rod Skins,,,,,,1.0,2026-10-05 19:55:08
Silent Speeder,Boats,Low,Stable,,,,1.0,2026-10-05 19:55:08
Vulcan's Blaze,Rod Skins,Very Low,Stable,,8200,7500,1.0,2026-10-05 19:55:08
Depth's Darkness,Rod Skins,,,,,,1.0,2026-10-05 19:55:08
Crimson Crystal,Rod Skins,,,,,,1.0,2026-10-05 19:55:08
Twig Of Triumph,Rod Skins,Very Low,Stable,,,,1.0,2026-10-05 19:55:08
Wisteria Petals,Rod Skins,Very Low,Stable,,9300,9500,1.0,2026-10-05 19:55:08
Arctic Coral,Rod Skins,Very Low,Stable,,36,,1.0,2026-10-05 19:55:08
Blue Trainer,Rod Skins,Very Low,Stable,,,,1.0,2026-10-05 19:55:08
Arctic Explorer,Boats,Very Low,Stable,,270,,1.0,2026-10-05 19:55:08
Abyssal Fang,Rod Skins,Low,Stable,,,,1.0,2026-10-05 19:55:08
Candy Cane Serenade,Rod Skins,Low,Stable,,8000,9900,1.0,2026-10-05 19:55:08
Glacial Blade,Rod Skins,Low,Stable,,3300,3400,1.0,2026-10-05 19:55:08
Lucky Racer,Boats,Low,Stable,,3600,,1.0,2026-10-05 19:55:08
Sunken Beauty,Rod Skins,Low,Stable,,,,1.0,2026-10-05 19:55:08
Thunderbolt,Rod Skins,Low,Stable,,,,1.0,2026-10-05 19:55:08
Scarlet Pirate Ship,Boats,Very Low,Stable,,,,1.0,2026-10-05 19:55:08
Sunken Relic,Rod Skins,Very Low,Stable,,,,1.0,2026-10-05 19:55:08
Royal Scepter,Rod Skins,Very Low,Stable,,,,1.0,2026-10-05 19:55:08
Celestial Ascension,Rod Skins,Very Low,Stable,,4700,,1.0,2026-10-05 19:55:08
Celestial Aurora,Rod Skins,,,,,,1.0,2026-10-05 19:55:08
Lumpy Boghopper,Rod Skins,,,,,,0.7,2026-10-05 19:55:08
Whale Shark Boat,Boats,Very Low,Stable,,,,0.7,2026-10-05 19:55:08
Purple Clover,Rod Skins,Very Low,Stable,,,,0.7,2026-10-05 19:55:08
Polar,Rod Skins,,,,,,0.7,2026-10-05 19:55:08
Archer's Mark,Rod Skins,,,,,,0.7,2026-10-05 19:55:08
Abyssal Wreck,Rod Skins,,,,,,0.7,2026-10-05 19:55:08
Brick,Boats,,,,,,0.7,2026-10-05 19:55:08
The Essex Boat,Boats,Very Low,Stable,,500,,0.7,2026-10-05 19:55:08
Explorer Diving Boat,Boats,Very Low,Stable,,,,0.7,2026-10-05 19:55:08
Volcano's Maw,Rod Skins,,,,,,0.7,2026-10-05 19:55:08
A Rock,Boats,Very Low,Stable,Abundant,120,120,0.7,2026-10-05 19:55:08
The Lost Relic,Rod Skins,,,,,,0.7,2026-10-05 19:55:08
Snake Charmer,Rod Skins,Very Low,Stable,,,,0.5,2026-10-05 19:55:08
Domodrum,Rod Skins,,,,,,0.5,2026-10-05 19:55:08
Fischmas Speedboat,Boats,Low,Stable,,3000,,0.5,2026-10-05 19:55:08
Vintage Hatchboat,Boats,Low,Stable,,3200,,0.5,2026-10-05 19:55:08
Dead Fish Express,Boats,Low,Stable,,2400,3200,0.5,2026-10-05 19:55:08
Polar Abyss,Rod Skins,Low,Stable,,,,0.5,2026-10-05 19:55:08
Curser Banner Ship,Boats,,,,,,0.5,2026-10-05 19:55:08
Bombastic Carbon,Rod Skins,Very Low,Stable,,,,0.5,2026-10-05 19:55:08
Heaven’s Savior,Rod Skins,,,,,,0.5,2026-10-05 19:55:08
Irish Jig,Boats,Very Low,Stable,,3600,,0.5,2026-10-05 19:55:08
Forager's Twig,Rod Skins,,,,,,0.3,2026-10-05 19:55:08
Balloon Doggy,Rod Skins,Low,Stable,,,,0.3,2026-10-05 19:55:08
Pathfinders Grip,Rod Skins,,,,,,0.3,2026-10-05 19:55:08
Petalwork Stem,Rod Skins,,,,,,0.3,2026-10-05 19:55:08
Glowtail Branch,Rod Skins,,,,,,0.3,2026-10-05 19:55:08
Holiday Themed Speedboat,Boats,Very Low,Stable,Abundant,7,,0.3,2026-10-05 19:55:08
Dr. Glimmerfin's Boat,Boats,Very Low,Stable,,200,,0.3,2026-10-05 19:55:08
Lucky Pot,Boats,Very Low,Stable,,80,,0.3,2026-10-05 19:55:08
Bloop Boat,Boats,Very Low,Stable,Abundant,1500,1100,0.25,2026-10-05 19:55:08
Rowboat,Boats,Very Low,Stable,,,,0.0001,2026-10-05 19:55:08
Archaelogist Rod,Rod Skins,Low,Stable,,,,0.0,2026-10-05 19:55:08
Purple Carrot,Rod Skins,Low,Stable,,,,0.0,2026-10-05 19:55:08
Snowman (Boat),Boats,,,,,,0.0,2026-10-05 19:55:08
S.S. Tuskhorn,Boats,Very Low,Stable,,,,0.0,2026-10-05 19:55:08
Elder Spirit,Rod Skins,Low,Stable,,,,0.0,2026-10-05 19:55:08
Stella Octangula,Lanterns,Medium,Stable,,,,0.0,2026-10-05 19:55:08
Last Dance,Rod Skins,Low,Stable,,,,0.0,2026-10-05 19:55:08
Lime Silly Time,Rod Skins,Low,Stable,,,,0.0,2026-10-05 19:55:08
Eidolight,Rod Skins,Low,Stable,,,,0.0,2026-10-05 19:55:08
Dropley,Lanterns,Low,Stable,,15000,16200,0.0,2026-10-05 19:55:08
Garnetbreaker,Rod Skins,Low,Stable,,,,0.0,2026-10-05 19:55:08
Minty Fab,Rod Skins,Low,Stable,,2300,2300,0.0,2026-10-05 19:55:08
Acidic Dusekkar,Rod Skins,Low,Stable,,,,0.0,2026-10-05 19:55:08
Blue Overgrowth,Rod Skins,Low,Stable,,,,0.0,2026-10-05 19:55:08
Silver Onirifalx,Rod Skins,Very Low,Stable,,900,,0.0,2026-10-05 19:55:08
The Bomb Ball,Rod Skins,Very Low,Stable,,220,,0.0,2026-10-05 19:55:08
Celestial Canvas,Rod Skins,Very Low,Stable,,3300,2000,0.0,2026-10-05 19:55:08
Blue Fan!,Rod Skins,Low,Stable,,,,0.0,2026-10-05 19:55:08
Different Flavor Popsicle?,Rod Skins,Low,Stable,,,,0.0,2026-10-05 19:55:08
Summer Beachblade,Rod Skins,Low,Stable,,,448000,0.0,2026-10-05 19:55:08
Poisonbinder,Rod Skins,Low,Stable,,,,0.0,2026-10-05 19:55:08
Stone Cluster Rod,Rod Skins,Low,Stable,,,,0.0,2026-10-05 19:55:08
Severed Voyager,Rod Skins,Low,Stable,,,,0.0,2026-10-05 19:55:08
Azure Phoenix,Rod Skins,Low,Stable,,,,0.0,2026-10-05 19:55:08
Trenchborn,Rod Skins,Low,Stable,,,,0.0,2026-10-05 19:55:08
Aquatic Curse,Rod Skins,Low,Stable,,,,0.0,2026-10-05 19:55:08
The Longest One,Rod Skins,Low,Hoarded,,13500,23500,0.0,2026-10-05 19:55:08
Lunarhook,Rod Skins,Low,Stable,,,,0.0,2026-10-05 19:55:08
Voidpiercer,Rod Skins,Low,Stable,,,,0.0,2026-10-05 19:55:08
Heavenly Breeze,Rod Skins,Low,Stable,,,,0.0,2026-10-05 19:55:08
Floppinator,Rod Skins,Low,Stable,,,,0.0,2026-10-05 19:55:08
Biblically Accurate Seraphic Rod,Rod Skins,Low,Stable,,,,0.0,2026-10-05 19:55:08
Silver Bolt,Rod Skins,Low,Stable,,,,0.0,2026-10-05 19:55:08
Mr. Thankful,Boats,Low,Stable,,,,0.0,2026-10-05 19:55:08
Evilwire,Rod Skins,Low,Stable,Abundant,3500,,0.0,2026-10-05 19:55:08
Reverse Emberreach,Rod Skins,Very Low,Stable,,,,0.0,2026-10-05 19:55:08
Dark Destiny,Rod Skins,Low,Stable,,,,0.0,2026-10-05 19:55:08
Ruina Thalassae,Rod Skins,Very Low,Stable,Abundant,500,,0.0,2026-10-05 19:55:08
Aww Anchovies,Halos,Low,Stable,,10500,10200,0.0,2026-10-05 19:55:08
Pixel Pulse,Halos,Medium,Stable,,46000,52900,0.0,2026-10-05 19:55:08
Makhroing,Rod Skins,Low,Stable,,,,0.0,2026-10-05 19:55:08
Boukar,Rod Skins,Low,Stable,,,,0.0,2026-10-05 19:55:08
Skeleton Scythe,Rod Skins,Low,Stable,,,,0.0,2026-10-05 19:55:08
Tempest,Rod Skins,Low,Stable,,,,0.0,2026-10-05 19:55:08
Cobalt Rupturer,Rod Skins,Low,Stable,,,,0.0,2026-10-05 19:55:08
Tryhard Chroma,Rod Skins,Low,Stable,,,,0.0,2026-10-05 19:55:08
Glorply Blade,Rod Skins,Low,Stable,,,,0.0,2026-10-05 19:55:08
OG,Rod Skins,Low,Stable,,,,0.0,2026-10-05 19:55:08
Gilded Staff,Rod Skins,Low,Stable,,,,0.0,2026-10-05 19:55:08
Devstring,Rod Skins,Low,Stable,,,,0.0,2026-10-05 19:55:08
Lucky Cloverblade,Rod Skins,Low,Stable,,,,0.0,2026-10-05 19:55:08
Shamrock Rainbow,Rod Skins,Low,Stable,,,,0.0,2026-10-05 19:55:08
Sacred Embrace,Rod Skins,Low,Stable,,,,0.0,2026-10-05 19:55:08
Dove Rod,Rod Skins,Low,Stable,,,,0.0,2026-10-05 19:55:08
Carbon Meister,Rod Skins,Very Low,Stable,Abundant,1300,,0.0,2026-10-05 19:55:08
Neongrinder,Rod Skins,Low,Stable,,,,0.0,2026-10-05 19:55:08
Weird Chainsaw Rod,Rod Skins,Low,Stable,,,,0.0,2026-10-05 19:55:08
Folk,Rod Skins,Low,Stable,,,,0.0,2026-10-05 19:55:08
Bigger Part,Rod Skins,Low,Stable,,,,0.0,2026-10-05 19:55:08
Baguette,Rod Skins,Low,Stable,,,,0.0,2026-10-05 19:55:08
Hades' Rose-Scythe,Rod Skins,Low,Stable,,,,0.0,2026-10-05 19:55:08
Bassanjo,Rod Skins,Low,Stable,,550,,0.0,2026-10-05 19:55:08
Eidolon's Mistletoe,Rod Skins,Low,Stable,,,,0.0,2026-10-05 19:55:08
Cyan Oath,Rod Skins,,,,,,0.0,2026-10-05 19:55:08
Fang of the Moon,Rod Skins,Low,Stable,,,,0.0,2026-10-05 19:55:08
Violet Dusk,Rod Skins,Low,Stable,,,,0.0,2026-10-05 19:55:08
Zeus's Frostbolt,Rod Skins,Low,Stable,,,,0.0,2026-10-05 19:55:08
Dragon Slayer,Rod Skins,Medium,Stable,,27500,33700,0.0,2026-10-05 19:55:08
Driftwood,Rod Skins,Low,Stable,,,,0.0,2026-10-05 19:55:08
Monochrome Pitchfork,Rod Skins,Low,Stable,,,,0.0,2026-10-05 19:55:08
Second Years Scythe,Rod Skins,Low,Stable,,,,0.0,2026-10-05 19:55:08
Piercer,Rod Skins,Low,Stable,,600,,0.0,2026-10-05 19:55:08
Frigid Beauty,Rod Skins,Low,Stable,,1800,1800,0.0,2026-10-05 19:55:08
Lucille,Rod Skins,Low,Stable,,,,0.0,2026-10-05 19:55:08
Forestwing,Rod Skins,Low,Stable,,,,0.0,2026-10-05 19:55:08
Cyanbreaker,Rod Skins,Low,Stable,,,,0.0,2026-10-05 19:55:08
Lunar New Years Rocket,Rod Skins,Low,Stable,,,,0.0,2026-10-05 19:55:08
Bow of the Skies,Rod Skins,Low,Stable,,,,0.0,2026-10-05 19:55:08
Amorifalx,Rod Skins,Low,Stable,,,,0.0,2026-10-05 19:55:08
Requiem Aeternum,Rod Skins,Very Low,Stable,,1100,1300,0.0,2026-10-05 19:55:08
Lamentum Maris,Rod Skins,Very Low,Stable,,390,,0.0,2026-10-05 19:55:08
Flamemourner,Rod Skins,Low,Stable,,,,0.0,2026-10-05 19:55:08
Lilaclash,Rod Skins,Low,Stable,,,,0.0,2026-10-05 19:55:08
Shadow Pole,Rod Skins,Low,Stable,,,,0.0,2026-10-05 19:55:08
Minimalstrom,Rod Skins,Low,Stable,,,,0.0,2026-10-05 19:55:08
Blade of the Eclipse,Rod Skins,Low,Stable,,,,0.0,2026-10-05 19:55:08
Scarlet,Rod Skins,Very Low,Stable,,50,,0.0,2026-10-05 19:55:08
Snowy Christmas,Rod Skins,,,,,,0.0,2026-10-05 19:55:08
Meowing Melody,Rod Skins,Low,Stable,,,,0.0,2026-10-05 19:55:08
Tideglass Rod,Rod Skins,Low,Stable,,,,0.0,2026-10-05 19:55:08
Solstice Striver,Rod Skins,Low,Stable,,,,0.0,2026-10-05 19:55:08
Krampus's Miracle,Rod Skins,Low,Stable,,,,0.0,2026-10-05 19:55:08
Witch's Pot,Boats,,,,,,0.0,2026-10-05 19:55:08
Lightning,Bobbers,,,,,,,2026-10-05 19:55:08
Evil Ducky,Bobbers,,,,,,,2026-10-05 19:55:08
Ocean King,Bobbers,,,,,,,2026-10-05 19:55:08
Crown Of the Depths,Bobbers,,,,,,,2026-10-05 19:55:08
Zipp,Lanterns,Very Low,Stable,,26000,33700,,2026-10-05 19:55:08
Ancient Serpent Skull,Bobbers,,,,,,,2026-10-05 19:55:08
Rune Meg Bobber,Bobbers,,,,,,,2026-10-05 19:55:08
Santa Hat,Bobbers,,,,,,,2026-10-05 19:55:08
Candy Cane,Bobbers,,,,,,,2026-10-05 19:55:08
Firework,Bobbers,,,,,,,2026-10-05 19:55:08
Mythic Sea Star,Bobbers,,,,,,,2026-10-05 19:55:08
Firefin,Bobbers,,,,,,,2026-10-05 19:55:08
Fire Snake,Bobbers,,,,,,,2026-10-05 19:55:08
Fang Fish,Bobbers,,,,,,,2026-10-05 19:55:08
Skeleton Anchor,Bobbers,,,,,,,2026-10-05 19:55:08
Midnight Medusa,Bobbers,,,,,,,2026-10-05 19:55:08
Barnacle Buoy,Bobbers,,,,,,,2026-10-05 19:55:08
Quantum Anchor,Bobbers,,,,,,,2026-10-05 19:55:08
Devil Head,Bobbers,Very Low,Stable,,8800,14800,,2026-10-05 19:55:08
Kitty Paw,Lanterns,Low,Stable,,140000,273000,,2026-10-05 19:55:08
Fishing Net,Bobbers,,,,,,,2026-10-05 19:55:08
Azure Flower,Bobbers,,,,,,,2026-10-05 19:55:08
Rainbow Shamrock,Bobbers,,,,,,,2026-10-05 19:55:08
Eldrich Eye,Bobbers,,,,,,,2026-10-05 19:55:08
Abyssal Heart,Bobbers,,,,,,,2026-10-05 19:55:08
Porky,Bobbers,,,,,,,2026-10-05 19:55:08
Light-Wrapped Bobber,Bobbers,,,,,,,2026-10-05 19:55:08
Peep,Bobbers,Low,Stable,,7000,7400,,2026-10-05 19:55:08
Cloud Castle,Bobbers,,,,,,,2026-10-05 19:55:08
Crab Bobber,Bobbers,,,,,,,2026-10-05 19:55:08
Cursed Coin,Bobbers,,,,,,,2026-10-05 19:55:08
Apex Skull,Bobbers,,,,,,,2026-10-05 19:55:08
Ice Skull,Bobbers,,,,,,,2026-10-05 19:55:08
Submarine,Bobbers,,,,,,,2026-10-05 19:55:08
Prism Cube,Bobbers,,,,,,,2026-10-05 19:55:08
Book of Dreams,Bobbers,,,,,715000,,2026-10-05 19:55:08
Cheezburger,Bobbers,,,,,,,2026-10-05 19:55:08
Monkey Plush,Bobbers,,,,,,,2026-10-05 19:55:08
Spikesplosion,Bobbers,,,,,,,2026-10-05 19:55:08
Tarnished Lantern,Lanterns,,,,,,,2026-10-05 19:55:08
Resourceful Rod,Rod Sets,Very Low,Stable,,,,,2026-10-05 19:55:08
Whalesong Orcarina,Rod Skins,,,,,75000,,2026-10-05 19:55:08
"Avatar Of The Elements (Wind Elemental, Mastery)",Rod Sets,Medium,Stable,,25000,38800,,2026-10-05 19:55:08
Clover Glider,Gliders,,,,,,,2026-10-05 19:55:08
Flower Glider,Gliders,,,,,,,2026-10-05 19:55:08
Tiny Rainbow,Lanterns,,,,,,,2026-10-05 19:55:08
Heartful Candy,Lanterns,,,,,,,2026-10-05 19:55:08
Snowflake Lantern,Lanterns,,,,,,,2026-10-05 19:55:08
Frostpine Lantern,Lanterns,,,,,,,2026-10-05 19:55:08
Cupid's Arrow,Lanterns,,,,,,,2026-10-05 19:55:08
Bat Glider,Gliders,Low,Stable,,7000,9300,,2026-10-05 19:55:08
Heart,Lanterns,,,,,,,2026-10-05 19:55:08
Toyshop Lantern,Lanterns,,,,,,,2026-10-05 19:55:08
Rudolph Lantern,Lanterns,,,,,,,2026-10-05 19:55:08
Peppermint Lantern,Lanterns,,,,,,,2026-10-05 19:55:08
Lit Haystack,Lanterns,,,,,,,2026-10-05 19:55:08
Pumpkin Candy Basket,Lanterns,,,,,,,2026-10-05 19:55:08
Coffin,Lanterns,,,,,,,2026-10-05 19:55:08
Wisp Flame,Lanterns,,,,,,,2026-10-05 19:55:08
Black Cat,Lanterns,,,,,,,2026-10-05 19:55:08
Vintage Lantern,Lanterns,,,,,,,2026-10-05 19:55:08
Sunny Lantern,Lanterns,,,,,,,2026-10-05 19:55:08
Lil' Guy,Lanterns,,,,,,,2026-10-05 19:55:08
Aurora Lantern,Lanterns,,,,,,,2026-10-05 19:55:08
Frostfire Lantern,Lanterns,,,,,,,2026-10-05 19:55:08
Holiday Candle Lantern,Lanterns,,,,,,,2026-10-05 19:55:08
Winter Ghost Lantern,Lanterns,,,,,,,2026-10-05 19:55:08
Beary Bright Lantern,Lanterns,,,,,,,2026-10-05 19:55:08
Honeycomb,Lanterns,,,,,,,2026-10-05 19:55:08
Sharkie,Lanterns,,,,,275000,,2026-10-05 19:55:08
Syrup,Lanterns,,,,,,,2026-10-05 19:55:08
Miniature Plane,Lanterns,,,,,,,2026-10-05 19:55:08
Mosslit Lantern,Lanterns,,,,,,,2026-10-05 19:55:08
Summer Soaker,Lanterns,,,,,,,2026-10-05 19:55:08
Coconut Drink,Lanterns,,,,,,,2026-10-05 19:55:08
Velvet Lamp,Lanterns,,,,,,,2026-10-05 19:55:08
Lobster Lantern,Lanterns,,,,,,,2026-10-05 19:55:08
Journeyman Lantern,Lanterns,,,,,,,2026-10-05 19:55:08
Balloon Doggy Bobber,Bobbers,,,,,,,2026-10-05 19:55:08
Joystick,Lanterns,Very Low,Stable,,60000,73400,,2026-10-05 19:55:08
Lucky Cat,Lanterns,Low,Stable,,12000,15300,,2026-10-05 19:55:08
Pebble,Lanterns,Low,Stable,,13000,13600,,2026-10-05 19:55:08
Easter Lantern,Lanterns,,,,,,,2026-10-05 19:55:08
Blue Moon Lantern,Lanterns,,,,,,,2026-10-05 19:55:08
Hippo Lantern,Lanterns,,,,,,,2026-10-05 19:55:08
Wrathlight Lantern,Lanterns,,,,,,,2026-10-05 19:55:08
Phantom Lantern,Lanterns,,,,,,,2026-10-05 19:55:08
Leprechaun's Glow Lantern,Lanterns,,,,,,,2026-10-05 19:55:08
Crystal Lantern,Lanterns,,,,,,,2026-10-05 19:55:08
Angler Lantern,Lanterns,,,,,,,2026-10-05 19:55:08
Molten Lantern,Lanterns,,,,,,,2026-10-05 19:55:08
Love Lantern,Lanterns,,,,,,,2026-10-05 19:55:08
Default Halo,Halos,,,,,,,2026-10-05 19:55:08
Gothic Crown,Halos,,,,,,,2026-10-05 19:55:08
8Bit Love Halo,Halos,,,,,,,2026-10-05 19:55:08
Heart Halo,Halos,,,,,,,2026-10-05 19:55:08
Astra,Halos,,,,,,,2026-10-05 19:55:08
Harmonious Crown of Order,Halos,,,,,,,2026-10-05 19:55:08
Dino Spikes,Halos,,,,,,,2026-10-05 19:55:08
Clover Halo,Halos,,,,,,,2026-10-05 19:55:08
Hana Halo,Halos,Low,Stable,,35000,38700,,2026-10-05 19:55:08
North Star,Bobbers,Very Low,Stable,,800,,,2026-10-05 19:55:08
Frozen,Bobbers,,,,,,,2026-10-05 19:55:08
Stone Claymore,Bobbers,,,,,,,2026-10-05 19:55:08
Anchor,Bobbers,,,,,,,2026-10-05 19:55:08
Cliff Peak,Bobbers,,,,,,,2026-10-05 19:55:08
Coral Reef,Bobbers,,,,,,,2026-10-05 19:55:08
Fake Pufferfish,Bobbers,,,,,2100000,,2026-10-05 19:55:08
Frozen Rubber Ducky,Bobbers,,,,,,,2026-10-05 19:55:08
Harp of Light,Bobbers,,,,,,,2026-10-05 19:55:08
Infested,Bobbers,,,,,,,2026-10-05 19:55:08
Large Leaf,Bobbers,,,,,,,2026-10-05 19:55:08
Mini Terrapin,Bobbers,,,,,,,2026-10-05 19:55:08
Mushroom,Bobbers,,,,,,,2026-10-05 19:55:08
Oakling,Bobbers,,,,,,,2026-10-05 19:55:08
Pirate Wheel,Bobbers,,,,,,,2026-10-05 19:55:08
Skeleton,Bobbers,,,,,,,2026-10-05 19:55:08
Toxic Lily Pad,Bobbers,,,,,,,2026-10-05 19:55:08
Ancient Book,Bobbers,,,,,,,2026-10-05 19:55:08
Baby Anglerfish,Bobbers,,,,,,,2026-10-05 19:55:08
Bloxy Cola,Bobbers,,,,,,,2026-10-05 19:55:08
Blue Moon,Bobbers,,,,,,,2026-10-05 19:55:08
Bookshelf,Bobbers,,,,,,,2026-10-05 19:55:08
Brazier,Bobbers,,,,,,,2026-10-05 19:55:08
Chilled Spikes,Bobbers,,,,,,,2026-10-05 19:55:08
Crimson Flower,Bobbers,,,,,,,2026-10-05 19:55:08
Cryogenic Icicle,Bobbers,,,,,,,2026-10-05 19:55:08
Golden Skull,Bobbers,,,,,,,2026-10-05 19:55:08
Frigid Crystal,Bobbers,,,,,,,2026-10-05 19:55:08
Golden Diver,Bobbers,,,,,,,2026-10-05 19:55:08
Honey Comb,Bobbers,,,,,,,2026-10-05 19:55:08
Jungle Flower,Bobbers,,,,,,,2026-10-05 19:55:08
Keepers Energy,Bobbers,,,,,,,2026-10-05 19:55:08
Lava,Bobbers,,,,,,,2026-10-05 19:55:08
Lava Spout,Bobbers,,,,,,,2026-10-05 19:55:08
Luminescent Flower,Bobbers,,,,,,,2026-10-05 19:55:08
Pickaxe,Bobbers,,,,,,,2026-10-05 19:55:08
Poseidon's Pillar,Bobbers,,,,,,,2026-10-05 19:55:08
Quiet Crystal,Bobbers,,,,,,,2026-10-05 19:55:08
Rubber Ducky,Bobbers,,,,,,,2026-10-05 19:55:08
Starfish,Bobbers,,,,,,,2026-10-05 19:55:08
Sun,Bobbers,,,,,,,2026-10-05 19:55:08
Tornado,Bobbers,,,,,,,2026-10-05 19:55:08
Treasure Chest,Bobbers,,,,,,,2026-10-05 19:55:08
Vertigo Rock,Bobbers,,,,,,,2026-10-05 19:55:08
Amber,Bobbers,,,,,,,2026-10-05 19:55:08
Atlantis Guardian,Bobbers,,,,,550000,,2026-10-05 19:55:08
Brine,Bobbers,,,,,,,2026-10-05 19:55:08
Carrot Friend,Bobbers,,,,,,,2026-10-05 19:55:08
Crag-Crabobber,Bobbers,,,,,,,2026-10-05 19:55:08
Crystal Cluster,Bobbers,,,,,,,2026-10-05 19:55:08
Harpoon,Bobbers,,,,,,,2026-10-05 19:55:08
Nautilis Shell,Bobbers,,,,,,,2026-10-05 19:55:08
Obelisk,Bobbers,,,,,,,2026-10-05 19:55:08
Supercharged Battery,Bobbers,,,,,,,2026-10-05 19:55:08
Aurora,Bobbers,,,,,,,2026-10-05 19:55:08
Cursed Tombstone,Bobbers,,,,,,,2026-10-05 19:55:08
Olympian Core,Bobbers,,,,,,,2026-10-05 19:55:08
Dusk Bobber,Bobbers,,,,,,,2026-10-05 19:55:08
Ghostly Conch,Bobbers,,,,,,,2026-10-05 19:55:08
Prismatic Gem,Bobbers,,,,,,,2026-10-05 19:55:08
Spirit Bobber,Bobbers,,,,,,,2026-10-05 19:55:08
UFO Of Glorp,Bobbers,,,,,,,2026-10-05 19:55:08
Astraeus Bobber,Bobbers,,,,,,,2026-10-05 19:55:08
Ethereal Bobber,Bobbers,,,,,,,2026-10-05 19:55:08
Fabulous Bobber,Bobbers,,,,,,,2026-10-05 19:55:08
Founders Rainbow,Bobbers,,,,,,,2026-10-05 19:55:08
Tryhard Bobber,Bobbers,,,,,,,2026-10-05 19:55:08
Floppy Bobber,Bobbers,,,,,,,2026-10-05 19:55:08
Nightmare,Bobbers,,,,,,,2026-10-05 19:55:08
Stock,Bobbers,,,,,,,2026-10-05 19:55:08
Gem,Bobbers,,,,,,,2026-10-05 19:55:08
Compass,Bobbers,,,,,,,2026-10-05 19:55:08
Gold Coin,Bobbers,,,,,,,2026-10-05 19:55:08
Whaley,Bobbers,,,,,,,2026-10-05 19:55:08
Meteor Stone,Bobbers,,,,,,,2026-10-05 19:55:08
Drifter's Tale,Bobbers,,,,,,,2026-10-05 19:55:08
Magic Ball,Bobbers,,,,,,,2026-10-05 19:55:08
The Moby Bobber,Bobbers,,,,,,,2026-10-05 19:55:08
Bloop Bobber,Bobbers,,,,,,,2026-10-05 19:55:08
Chromatic Bobber,Bobbers,,,,,120000,,2026-10-05 19:55:08
Fisch Bobber,Bobbers,,,,,,,2026-10-05 19:55:08
Clownfish Cat Toy,Bobbers,,,,,,,2026-10-05 19:55:08
Carbon,Bobbers,,,,,,,2026-10-05 19:55:08
Miniature Bomb,Bobbers,,,,,,,2026-10-05 19:55:08
Cataclysm Cranium,Bobbers,,,,,,,2026-10-05 19:55:08
Leaf Bobber,Bobbers,,,,,,,2026-10-05 19:55:08
Meteor (Bobber),Bobbers,,,,,,,2026-10-05 19:55:08
Not-So-Collosal Squid,Bobbers,,,,,,,2026-10-05 19:55:08
Little Car Key,Bobbers,,,,,,,2026-10-05 19:55:08
Polar Bear,Bobbers,,,,,,,2026-10-05 19:55:08
Diamond,Bobbers,,,,,,,2026-10-05 19:55:08
Shaped,Bobbers,,,,,,,2026-10-05 19:55:08
Eye,Bobbers,,,,,,,2026-10-05 19:55:08
Coal,Bobbers,,,,,,,2026-10-05 19:55:08
Lush Tree,Bobbers,,,,,,,2026-10-05 19:55:08
Centicute,Rod Skins,,,,,345000,,2026-10-05 19:55:08
Lumine Flag,Lanterns,Low,Stable,,25000,31700,,2026-10-05 19:55:08
Cupid's Treat Box,Bobbers,,,,,,,2026-10-05 19:55:08
Gold Chocolate,Bobbers,,,,,,,2026-10-05 19:55:08
Bronze Heart-Lock,Bobbers,,,,,,,2026-10-05 19:55:08
Cannon,Bobbers,,,,,,,2026-10-05 19:55:08
Moneyheist,Boats,,,,,,,2026-10-05 19:55:08
Requiem,Rod Sets,Medium,Stable,,30000,33100,,2026-10-05 19:55:08
SHADYREAPER,Rod Skins,Low,Stable,Abundant,3400,9500,,2026-10-05 19:55:08
Silver Heart-Lock,Bobbers,,,,,,,2026-10-05 19:55:08
Sunken Relic,Bobbers,,,,,85000,,2026-10-05 19:55:08
Gold Heart-Lock,Bobbers,,,,,,,2026-10-05 19:55:08
XL Meteoric Rod,Rod Skins,Very Low,Stable,,10,,,2026-10-05 19:55:08
Man O War,Bobbers,,,,,,,2026-10-05 19:55:08
Bronze Heart,Bobbers,,,,,,,2026-10-05 19:55:08
Redlip Batfish,Bobbers,,,,,,,2026-10-05 19:55:08
Lobster Pal,Bobbers,,,,,,,2026-10-05 19:55:08
Chromatic Noiseform,Rod Skins,Medium,Stable,,45000,69100,,2026-10-05 19:55:08
Cash Cruisin',Gliders,,,,,116000,,2026-10-05 19:55:08
Easter Basket,Bobbers,,,,,,,2026-10-05 19:55:08
Orca Lantern,Lanterns,,,,,,,2026-10-05 19:55:08
Trident Lantern,Lanterns,,,,,,,2026-10-05 19:55:08
Lunar Fire Lantern,Lanterns,,,,,,,2026-10-05 19:55:08
Wavecrest Lantern,Lanterns,,,,,,,2026-10-05 19:55:08
Eternal Lantern of Abyss,Lanterns,,,,,,,2026-10-05 19:55:08
Aurora Glow,Lanterns,,,,,,,2026-10-05 19:55:08
Celestial Dreamsphere,Lanterns,,,,,,,2026-10-05 19:55:08
Chromatic Lantern,Lanterns,,,,,,,2026-10-05 19:55:08
Enchanted Book,Lanterns,,,,,,,2026-10-05 19:55:08
Lil Dave,Lanterns,,,,,,,2026-10-05 19:55:08
Oakling Pal,Lanterns,,,,,,,2026-10-05 19:55:08
Sacred Cat,Lanterns,,,,,,,2026-10-05 19:55:08
Styx Lantern,Lanterns,,,,,,,2026-10-05 19:55:08
Wisp of Etheria,Halos,Low,Stable,,40000,32900,,2026-10-05 19:55:08
Gurt,Rod Skins,Low,Stable,,50,,,2026-10-05 19:55:08
Stinky Gurt,Rod Skins,Low,Stable,Abundant,1500,,,2026-10-05 19:55:08
Baby Panda,Lanterns,,,,,,,2026-10-05 19:55:08
Turbo Sleigh,Boats,Very Low,Stable,Abundant,380,,,2026-10-05 19:55:08
Santa Lantern,Lanterns,,,,,,,2026-10-05 19:55:08
Mini Reef Guardian,Bobbers,,,,,,,2026-10-05 19:55:08
Green Wiggly Worm,Bobbers,Very Low,Stable,,3900,,,2026-10-05 19:55:08
Purple Wiggly Worm,Bobbers,Very Low,Stable,,600,,,2026-10-05 19:55:08
Chiwari,Bobbers,,,,,,,2026-10-05 19:55:08
Nanatama,Bobbers,,,,,,,2026-10-05 19:55:08
Pirate Hat,Bobbers,,,,,,,2026-10-05 19:55:08
Mermaid's Pearl,Bobbers,,,,,,,2026-10-05 19:55:08
Abyssal Skull,Bobbers,,,,,,,2026-10-05 19:55:08
Key of the Depths,Bobbers,,,,,,,2026-10-05 19:55:08
Evil Totem,Bobbers,,,,,,,2026-10-05 19:55:08
Fossil Fish,Bobbers,,,,,,,2026-10-05 19:55:08
Jade Serpent Bobber,Bobbers,Very Low,Stable,,2300,3400,,2026-10-05 19:55:08
Ancient Relic Bobber,Bobbers,Very Low,Stable,,4700,7000,,2026-10-05 19:55:08
Elf Hat,Bobbers,,,,,,,2026-10-05 19:55:08
Frozen Crown,Bobbers,,,,,,,2026-10-05 19:55:08
Snowflake Crystal,Bobbers,,,,,,,2026-10-05 19:55:08
Frozen Serpent,Bobbers,,,,,,,2026-10-05 19:55:08
Evil Santa,Bobbers,,,,,,,2026-10-05 19:55:08
Reindeer Antlers,Bobbers,,,,,,,2026-10-05 19:55:08
Festive Party Hat,Bobbers,,,,,,,2026-10-05 19:55:08
Confetti Globe,Bobbers,,,,,,,2026-10-05 19:55:08
Coral Crown,Bobbers,,,,,,,2026-10-05 19:55:08
Abyssal Trident,Bobbers,,,,,,,2026-10-05 19:55:08
Firework Rocket,Bobbers,,,,,,,2026-10-05 19:55:08
Gold Koi,Bobbers,Very Low,Stable,,1800,1800,,2026-10-05 19:55:08
Kraken,Bobbers,,,,,,,2026-10-05 19:55:08
Mermaid,Bobbers,,,,,,,2026-10-05 19:55:08
Cyber,Bobbers,,,,,,,2026-10-05 19:55:08
Cupid's Arrow,Bobbers,Very Low,Stable,,3500,4100,,2026-10-05 19:55:08
Box O'Chocolate,Bobbers,,,,,,,2026-10-05 19:55:08
Soulless Fish,Bobbers,Very Low,Stable,,2700,4500,,2026-10-05 19:55:08
Obsidian Lockheart,Bobbers,,,,,15000,,2026-10-05 19:55:08
Trenchmaw,Bobbers,,,,,,,2026-10-05 19:55:08
Hadal Core,Bobbers,,,,,,,2026-10-05 19:55:08
Deep-Sea Diver Helmet,Bobbers,,,,,,,2026-10-05 19:55:08
Blue Whale Bobber,Bobbers,,,,,,,2026-10-05 19:55:08
Jetstrike,Bobbers,Low,Stable,,15000,32800,,2026-10-05 19:55:08
Shamrock Stem,Bobbers,,,,,,,2026-10-05 19:55:08
Pot o' Gold,Bobbers,,,,,,,2026-10-05 19:55:08
Tentacle Orb,Bobbers,,,,,,,2026-10-05 19:55:08
Sunken Horror,Bobbers,,,,,,,2026-10-05 19:55:08
Cursed Barnacle,Bobbers,,,,,,,2026-10-05 19:55:08
Forbidden Glyph,Bobbers,,,,,,,2026-10-05 19:55:08
Easter Bunny,Bobbers,,,,,,,2026-10-05 19:55:08
Odin's Journey,Bobbers,,,,,,,2026-10-05 19:55:08
Bobber Of Odin,Bobbers,,,,,,,2026-10-05 19:55:08
Lobster Head,Bobbers,,,,,,,2026-10-05 19:55:08
Blue Claw,Bobbers,,,,,,,2026-10-05 19:55:08
Treasure Island,Bobbers,,,,,730000,,2026-10-05 19:55:08
Hidden Treasure,Bobbers,,,,,,,2026-10-05 19:55:08
Inkling,Bobbers,,,,,,,2026-10-05 19:55:08
Magma Serpent,Bobbers,,,,,,,2026-10-05 19:55:08
Key of Obsidian,Bobbers,,,,,,,2026-10-05 19:55:08
Slimely,Bobbers,,,,,130000,,2026-10-05 19:55:08
Crystallized Relic,Bobbers,,,,,,,2026-10-05 19:55:08
Cursed Mirror,Bobbers,,,,,,,2026-10-05 19:55:08
Phantom Dragon,Bobbers,,,,,,,2026-10-05 19:55:08
Dino Fang,Bobbers,,,,,,,2026-10-05 19:55:08
Eye of Seraph,Bobbers,High,Stable,,2300000,2000000,,2026-10-05 19:55:08
Chocolate Milk,Bobbers,,,,,,,2026-10-05 19:55:08
Bloxiade,Bobbers,,,,,,,2026-10-05 19:55:08
Tiger Plush,Bobbers,,,,,,,2026-10-05 19:55:08
Dragon Plush,Bobbers,,,,,250000,,2026-10-05 19:55:08
Fuse Bomb,Bobbers,,,,,,,2026-10-05 19:55:08
Bundle of TNT,Bobbers,,,,,,,2026-10-05 19:55:08
Frigid Lotus,Bobbers,,,,,,,2026-10-05 19:55:08
Glacial Shard,Bobbers,,,,,,,2026-10-05 19:55:08
Green Starbun,Bobbers,,,,,,,2026-10-05 19:55:08
Pink Starbun,Bobbers,,,,,,,2026-10-05 19:55:08
Evil Hammy,Bobbers,,Stable,,,,,2026-10-05 19:55:08
Silly Hammy,Bobbers,,Stable,,,,,2026-10-05 19:55:08
Nervous Hammy,Bobbers,,Stable,,,,,2026-10-05 19:55:08
Nomster,Bobbers,,,,,,,2026-10-05 19:55:08
Kuraudo,Bobbers,,,,,,,2026-10-05 19:55:08
Dizzy Star,Bobbers,,,,,,,2026-10-05 19:55:08
Veyrith,Bobbers,,,,,,,2026-10-05 19:55:08
Mourvex,Bobbers,,,,,,,2026-10-05 19:55:08
Karthok,Bobbers,,,,,,,2026-10-05 19:55:08
North Star Bobber,Bobbers,,,,,,,2026-10-05 19:55:08
Dreadspire,Bobbers,,,,,,,2026-10-05 19:55:08
Lunar Serpent,Bobbers,,,,,,,2026-10-05 19:55:08
Seahorse,Bobbers,,,,,,,2026-10-05 19:55:08
Orca,Bobbers,,,,,,,2026-10-05 19:55:08
Faberge Egg,Bobbers,,,,,,,2026-10-05 19:55:08
Not-So-Colossal Squid,Bobbers,,,,,1200000,,2026-10-05 19:55:08
Beachball,Bobbers,,,,,,,2026-10-05 19:55:08
Little Mouse,Bobbers,,,,,675000,,2026-10-05 19:55:08
Taiyaki,Bobbers,Low,Stable,,725000,968000,,2026-10-05 19:55:08
Dumbo Prize,Bobbers,Low,Stable,,60000,75700,,2026-10-05 19:55:08
Moss,Bobbers,,,,,,,2026-10-05 19:55:08
Strawberry,Bobbers,,,,,,,2026-10-05 19:55:08
Pilot Gear,Bobbers,,,,,,,2026-10-05 19:55:08
Kitty Car Key,Bobbers,,,,,,,2026-10-05 19:55:08
Butter,Bobbers,,,,,,,2026-10-05 19:55:08
Rotund Seal,Bobbers,Low,Stable,,10000,35800,,2026-10-05 19:55:08
Bee,Bobbers,,,,,,,2026-10-05 19:55:08
Bears Got Your Fish,Bobbers,,,,,,,2026-10-05 19:55:08
Baby Ghoul,Bobbers,,,,,,,2026-10-05 19:55:08
Candypop,Bobbers,,,,,,,2026-10-05 19:55:08
Coffinpaw Bobber,Bobbers,,,,,,,2026-10-05 19:55:08
Hydrangea,Bobbers,,,,,,,2026-10-05 19:55:08
Axobobber,Bobbers,,,,,,,2026-10-05 19:55:08
Baby Turkey,Bobbers,,,,,,,2026-10-05 19:55:08
Snowball,Bobbers,,,,,,,2026-10-05 19:55:08
Polar Bear Bobber,Bobbers,,,,,,,2026-10-05 19:55:08
Nibbled Fish,Bobbers,,,,,,,2026-10-05 19:55:08
Present Bow Bobber,Bobbers,,,,,,,2026-10-05 19:55:08
Pinecone Bobber,Bobbers,,,,,,,2026-10-05 19:55:08
Little Leaf,Bobbers,,,,,,,2026-10-05 19:55:08
Ketchup Bobber,Bobbers,,,,,,,2026-10-05 19:55:08
Mini Evil Kitty,Bobbers,,,,,80000,,2026-10-05 19:55:08
Miffy Bunny,Bobbers,,,,,,,2026-10-05 19:55:08
Clicky,Bobbers,,,,,,,2026-10-05 19:55:08
FlipMini,Bobbers,,,,,46000,,2026-10-05 19:55:08
Mini Mothy,Bobbers,,,,,,,2026-10-05 19:55:08
Dovette,Bobbers,Low,Stable,,25000,22200,,2026-10-05 19:55:08
Butterfly,Lanterns,,,,,,,2026-10-05 19:55:08
Berry Blast,Lanterns,Very Low,Stable,,,,,2026-10-05 19:55:08
Sourpop,Lanterns,Very Low,Stable,,8000,8100,,2026-10-05 19:55:08
Mothy,Lanterns,,,,,,,2026-10-05 19:55:08
Monkey Mate,Lanterns,,,,,73000,,2026-10-05 19:55:08
Queen's Heart,Lanterns,Very Low,Stable,,5500,,,2026-10-05 19:55:08
Derpkat,Lanterns,Low,Stable,,15000,25000,,2026-10-05 19:55:08
Pook,Lanterns,Low,Stable,,12000,11500,,2026-10-05 19:55:08
Kee,Lanterns,,,,,,,2026-10-05 19:55:08
Bumping Arrow,Lanterns,,,,,,,2026-10-05 19:55:08
Hatchasaurus,Lanterns,,,,,,,2026-10-05 19:55:08
Lolo,Lanterns,,,,,,,2026-10-05 19:55:08
Lilu,Lanterns,,,,,37000,,2026-10-05 19:55:08
Unlocked Love,Lanterns,,,,,,,2026-10-05 19:55:08
Lovebit Emblem,Lanterns,,,,,,,2026-10-05 19:55:08
Strawberry Pin,Lanterns,Very Low,Stable,,5000,,,2026-10-05 19:55:08
Remorsquid,Lanterns,Medium,Stable,,42100,76600,,2026-10-05 19:55:08
Angel's Wings,Lanterns,Medium,Stable,,50000,85000,,2026-10-05 19:55:08
Frenchy Fries,Lanterns,,,,,,,2026-10-05 19:55:08
Maple Lantern,Lanterns,,,,,,,2026-10-05 19:55:08
Gingerbread Lantern,Lanterns,,,,,,,2026-10-05 19:55:08
Mini Pengu,Lanterns,,,,,,,2026-10-05 19:55:08
Snowyflake Lantern,Lanterns,,,,,,,2026-10-05 19:55:08
Seal Stack Lantern,Lanterns,,,,,,,2026-10-05 19:55:08
Leafy Lantern,Lanterns,,,,,,,2026-10-05 19:55:08
Axolantern,Lanterns,,,,,,,2026-10-05 19:55:08
Windchime Lantern,Lanterns,,,,,,,2026-10-05 19:55:08
Puppy Lantern,Lanterns,,,,,,,2026-10-05 19:55:08
Boney Glow,Lanterns,,,,,,,2026-10-05 19:55:08
Bubbly Burst,Halos,Low,Stable,,,,,2026-10-05 19:55:08
Zzz,Halos,Low,Stable,,20000,20000,,2026-10-05 19:55:08
Solis Diadem,Halos,Medium,Stable,,80500,78900,,2026-10-05 19:55:08
Aeturnus Loop,Halos,,,,,120000,,2026-10-05 19:55:08
Merlin White,Booths,Low,Stable,,,356000,,2026-10-05 19:55:08
Merlin Black,Booths,Low,Stable,,,,,2026-10-05 19:55:08
Chocolate Bunny,Bobbers,,,,,,,2026-10-05 19:55:08
Snowman,Bobbers,Very Low,Stable,,60,,,2026-10-05 19:55:08
Kittyling,Lanterns,Medium,Stable,,80000,96900,,2026-10-05 19:55:08
Fishymotion,Rod Skins,,,,,315000,,2026-10-05 19:55:08
Burger Buggy,Boats,Low,Stable,,15000,16800,,2026-10-05 19:55:08
Inky Halo,Halos,Medium,Stable,,65000,66600,,2026-10-05 19:55:08
Roslit Bay Bobber,Bobbers,Low,Stable,,5800000,7500000,,2026-10-05 19:55:08
Mini Jetski,Boats,Very Low,Stable,Abundant,800,,,2026-10-05 19:55:08
Caelinfernum,Rod Skins,,,,,895000,,2026-10-05 19:55:08
Lighthouse,Bobbers,,,,,,,2026-10-05 19:55:08
Ember Cluster,Bobbers,,,,,,,2026-10-05 19:55:08
Tranquility Rod,Rod Sets,Medium,Stable,,25000,40300,,2026-10-05 19:55:08
Terrotrapper Rod,Rod Sets,Medium,Stable,,20000,34100,,2026-10-05 19:55:08
Any Type Seed (Bloomspire Rod),Rod Sets,Very Low,Stable,,,,,2026-10-05 19:55:08
Sand Castle Rod,Rod Sets,Medium,Stable,,,,,2026-10-05 19:55:08
Celestial Rod,Rod Sets,Low,Stable,,,,,2026-10-05 19:55:08
Smudged Titan,Boats,Medium,Stable,,,,,2026-10-05 19:55:08
Winterfluff,Bobbers,,,,,,,2026-10-05 19:55:08
Basketback Tortoise,Boats,Very Low,Stable,,1500,,,2026-10-05 19:55:08
Baby Chick,Boats,Very Low,Stable,,150,235,,2026-10-05 19:55:08
Solid Gold Lucky Pot,Boats,Very Low,Stable,,,,,2026-10-05 19:55:08
Toxinburst,Rod Sets,Low,Stable,,,,,2026-10-05 19:55:08
Shamrock Leviathan,Boats,Very Low,Stable,,1900,,,2026-10-05 19:55:08
Shamrock Express,Boats,Very Low,Stable,,785,,,2026-10-05 19:55:08
Rainbow Boat,Boats,Very Low,Stable,,1200,,,2026-10-05 19:55:08
Log,Boats,Very Low,Stable,Abundant,40,,,2026-10-05 19:55:08
Giant Driftwood,Boats,Very Low,Stable,Abundant,60,,,2026-10-05 19:55:08
Nateboard,Boats,Low,Stable,Abundant,2600,,,2026-10-05 19:55:08
Blue Whale Lantern,Lanterns,Very Low,Stable,,600,,,2026-10-05 19:55:08
Heart,Boats,Very Low,Stable,,175,,,2026-10-05 19:55:08
Giant Box of Chocolate,Boats,Very Low,Stable,,55,,,2026-10-05 19:55:08
Pixie Horn,Halos,,,,,,,2026-10-05 19:55:08
Nico's Yarncaster,Rod Sets,Very Low,Stable,,,,,2026-10-05 19:55:08
Naynay,Halos,,,,,,,2026-10-05 19:55:08
Baguette,Halos,,,,,,,2026-10-05 19:55:08
Living Seed (Bloomspire: Blooming Splendor),Rod Sets,Very Low,Stable,,,,,2026-10-05 19:55:08
Digihalo,Halos,,,,,110000,,2026-10-05 19:55:08
Hyperbeat,Halos,Low,Stable,,1500,,,2026-10-05 19:55:08
Mini Pirate Ship,Boats,Very Low,Stable,,370,,,2026-10-05 19:55:08
Mini Rowboat,Boats,Very Low,Stable,Abundant,100,,,2026-10-05 19:55:08
Courtier's Halo,Halos,Low,Stable,,15000,15000,,2026-10-05 19:55:08
Jingle Wings,Gliders,Very Low,Stable,Abundant,300,323,,2026-10-05 19:55:08
Milk Boat,Boats,Very Low,Stable,Abundant,450,,,2026-10-05 19:55:08
Precision Rod,Rod Sets,Very Low,Stable,,,,,2026-10-05 19:55:08
Firerocket Racer,Boats,Very Low,Stable,Abundant,600,,,2026-10-05 19:55:08
Love of Fisch,Boats,Very Low,Stable,,725,561,,2026-10-05 19:55:08
Gingerbread Nessie Boat,Boats,Very Low,Stable,,1000,,,2026-10-05 19:55:08
Gingerpresent,Boats,Very Low,Stable,,2900,,,2026-10-05 19:55:08
Lil Tubert Lantern,Lanterns,,,,,,,2026-10-05 19:55:08
Glorp's Saucer,Boats,Very Low,Stable,,320,,,2026-10-05 19:55:08
Grandpa Horseshoe Crab,Boats,Low,Stable,,,,,2026-10-05 19:55:08
Vial of Ink,Lanterns,Low,Stable,,92000,174000,,2026-10-05 19:55:08
Lost Rod,Rod Sets,Very Low,Stable,,,,,2026-10-05 19:55:08
Frozen Rowboat,Boats,Very Low,Hoarded,Rare,200,,,2026-10-05 19:55:08
Clown Car,Boats,Very Low,Stable,,180,,,2026-10-05 19:55:08
Ghosdeeri,Boats,Very Low,Stable,,310,,,2026-10-05 19:55:08
Harvest Glow,Lanterns,Very Low,Stable,,20000,,,2026-10-05 19:55:08
Classic Pumpkin,Boats,Very Low,Stable,,160,,,2026-10-05 19:55:08
Silverback Fury,Bobbers,,,,,,,2026-10-05 19:55:08
Crab,Boats,Very Low,Stable,,900,,,2026-10-05 19:55:08
Peppermint-Ski,Boats,Low,Stable,Abundant,1000,,,2026-10-05 19:55:08
Nessie,Bobbers,,,,,,,2026-10-05 19:55:08
Crimson Jetski,Boats,Very Low,Stable,,2600,,,2026-10-05 19:55:08
Season Rod,Rod Sets,Very Low,Stable,,,,,2026-10-05 19:55:08
Wisdom Rod,Rod Sets,Very Low,Stable,,,,,2026-10-05 19:55:08
Drone,Bobbers,,,,,,,2026-10-05 19:55:08
Volcanic Research Boat,Boats,Very Low,Stable,,67,,,2026-10-05 19:55:08
Voided Seraphic Rod,Rod Skins,Low,Stable,,4500,,,2026-10-05 19:55:08
Scarlet Spincaster Rod,Rod Sets,Very Low,Stable,,,,,2026-10-05 19:55:08
Firefly,Bobbers,,,,,,,2026-10-05 19:55:08
Jelly Sharkling,Companion Skins,Medium,Stable,,300000,266000,,2026-10-05 19:55:08
Glowfish Bobber,Bobbers,Low,Stable,,5000000,4900000,,2026-10-05 19:55:08
Rod Of The Depths,Rod Sets,Very Low,Stable,,,,,2026-10-05 19:55:08
Voided Elder Mossripper,Rod Skins,Very Low,Stable,,800,,,2026-10-05 19:55:08
Love Heart,Bobbers,Low,Stable,,37000,60100,,2026-10-05 19:55:08
Anchor n' Chain,Rod Sets,Very Low,Stable,,,,,2026-10-05 19:55:08
Voided Ruinous Oath,Rod Skins,Low,Stable,,4800,,,2026-10-05 19:55:08
Voided Fabulous Rod,Rod Skins,Very Low,Stable,,2000,,,2026-10-05 19:55:08
Voided Tryhard Rod,Rod Skins,Very Low,Stable,,650,,,2026-10-05 19:55:08
Synthmeow,Halos,Medium,Stable,Uncommon,550000,494000,,2026-10-05 19:55:08
Blade of Glorp,Rod Sets,Very Low,Stable,,,,,2026-10-05 19:55:08
The Voyager Rod,Rod Sets,Very Low,Stable,,,,,2026-10-05 19:55:08
Rod of The Forgotten Fang,Rod Sets,Very Low,Stable,,,,,2026-10-05 19:55:08
Poisoned Driftwood (Toxic Spire Rod),Rod Sets,Very Low,Stable,,,,,2026-10-05 19:55:08
Summer Gary,Companion Skins,High,Stable,Uncommon,425000,412000,,2026-10-05 19:55:08
Vineweaver Rod,Rod Sets,Very Low,Stable,,,,,2026-10-05 19:55:08
Dragonico,Companion Skins,High,Stable,,360000,290000,,2026-10-05 19:55:08
Spearhead,Bobbers,,,,,,,2026-10-05 19:55:08
Mangowire,Rod Skins,Low,Stable,Extremely Rare,,,,2026-10-05 19:55:08
Acorn,Bobbers,,,,,,,2026-10-05 19:55:08
Whaletopia,Bobbers,Low,Stable,,8000,9400,,2026-10-05 19:55:08
Star,Bobbers,,,,,,,2026-10-05 19:55:08
Cube,Bobbers,,,,,,,2026-10-05 19:55:08
Evil Pitchfork Rod,Rod Sets,Low,Stable,,,,,2026-10-05 19:55:08
Cat,Bobbers,,,,,,,2026-10-05 19:55:08
Heart,Bobbers,,,,,,,2026-10-05 19:55:08
Candy Corn,Bobbers,Very Low,Stable,,30,,,2026-10-05 19:55:08
Bat,Bobbers,,,,,,,2026-10-05 19:55:08
Rotted Seed (Bloomspire: Twisted Toxins),Rod Sets,Low,Stable,,,,,2026-10-05 19:55:08
Dark Art Skull,Bobbers,,,,,,,2026-10-05 19:55:08
Merlin Staff,Rod Sets,Very Low,Stable,,,,,2026-10-05 19:55:08
Jack-O-Bobber,Bobbers,,,,,,,2026-10-05 19:55:08
Trident Rod,Rod Sets,Very Low,Stable,,,,,2026-10-05 19:55:08
Waterstar,Bobbers,Low,Stable,,6500,9100,,2026-10-05 19:55:08
Giant Lucky Pot,Boats,,Stable,Extremely Rare,,,,2026-10-05 19:55:08
Hour Glass,Bobbers,,,,,,,2026-10-05 19:55:08
Thalassar's Ruin,Rod Sets,Low,Stable,,3000,4000,,2026-10-05 19:55:08
Rod of The Eternal King,Rod Sets,Very Low,Stable,,,,,2026-10-05 19:55:08
Elite Crystal,Bobbers,,,,,,,2026-10-05 19:55:08
KR ROAR,Boats,,,,,945000,,2026-10-05 19:55:08
Snow Globe,Bobbers,,,,,,,2026-10-05 19:55:08
Green Festive Light,Bobbers,,,,,,,2026-10-05 19:55:08
Bubbleness,Bobbers,Low,Stable,,40000,38100,,2026-10-05 19:55:08
Party Hat Bobber,Bobbers,,,,,,,2026-10-05 19:55:08
Gift Box,Bobbers,,,,,,,2026-10-05 19:55:08
Heart Candy,Bobbers,,,,,,,2026-10-05 19:55:08
Elder Mossripper,Rod Sets,Low,Stable,,8000,13600,,2026-10-05 19:55:08
Baby Atlanti,Companion Skins,High,Stable,Uncommon,550000,534000,,2026-10-05 19:55:08
Uwa,Bobbers,,,,,,,2026-10-05 19:55:08
Smurf Bobber,Bobbers,,,,,,,2026-10-05 19:55:08
Gravy Boat,Boats,Very Low,Stable,,250,,,2026-10-05 19:55:08
Joyous Dog,Bobbers,Medium,Stable,,30500,51900,,2026-10-05 19:55:08
Scribble Sam,Bobbers,Low,Stable,,35000,29900,,2026-10-05 19:55:08
Lucid Rod,Rod Sets,Low,Stable,,10000,16100,,2026-10-05 19:55:08
Gardenkeeper Rod,Rod Sets,Very Low,Stable,,,,,2026-10-05 19:55:08
Dave Rod (Boulder),Rod Sets,Medium,Stable,,600000,930000,,2026-10-05 19:55:08
Gravestone,Bobbers,,,,,,,2026-10-05 19:55:08
Eyeball,Bobbers,,,,,,,2026-10-05 19:55:08
Wind Elemental,Rod Sets,High,Stable,,30000,35500,,2026-10-05 19:55:08
Putrid Seaweed (Dead Man's Rod),Rod Sets,Medium,Stable,,15000,20000,,2026-10-05 19:55:08
Snowflake Halo,Halos,,,,,,,2026-10-05 19:55:08
Toy Train,Bobbers,,,,,,,2026-10-05 19:55:08
Abaia's Spite Set,Rod Sets,High,Stable,,50000,55600,,2026-10-05 19:55:08
Silver Heart,Bobbers,,,,,,,2026-10-05 19:55:08
Gold Heart,Bobbers,,,,,,,2026-10-05 19:55:08
Spiritbinder,Rod Sets,Medium,Stable,,15000,18400,,2026-10-05 19:55:08
Bronze Chocolate,Bobbers,,,,,,,2026-10-05 19:55:08
Silver Chocolate,Bobbers,,,,,,,2026-10-05 19:55:08
Tidemourner,Rod Sets,Low,Stable,,7000,10700,,2026-10-05 19:55:08
Rod Of The Exalted One,Rod Sets,Low,Stable,,7000,9200,,2026-10-05 19:55:08
Onirifalx,Rod Sets,Low,Stable,,15000,26700,,2026-10-05 19:55:08
Roasted Turkey,Boats,Very Low,Stable,,400,,,2026-10-05 19:55:08
Leaf,Bobbers,,,,,,,2026-10-05 19:55:08
Dreambreaker,Rod Sets,Medium,Stable,,20000,34900,,2026-10-05 19:55:08
Cursed Dreamer,Bobbers,,,,,,,2026-10-05 19:55:08
Girlypop Gurt,Rod Skins,,Stable,Extinct Wild,,,,2026-10-05 19:55:08
Treasure Whale,Bobbers,,,,,,,2026-10-05 19:55:08
Astro,Bobbers,,,,,,,2026-10-05 19:55:08
Coco Capy,Companion Skins,High,Stable,,350000,,,2026-10-05 19:55:08
Blue Wiggly Worm,Bobbers,Very Low,Stable,,5200,,,2026-10-05 19:55:08
Pine Tree,Bobbers,,,,,,,2026-10-05 19:55:08
Spiritual Gem,Bobbers,,,,,,,2026-10-05 19:55:08
Oceanic Tunnel,Bobbers,,,,,,,2026-10-05 19:55:08
Skull,Bobbers,,,,,,,2026-10-05 19:55:08
Crystallized Ball,Bobbers,,,,,,,2026-10-05 19:55:08
Party Popper,Bobbers,,,,,,,2026-10-05 19:55:08
Plaguereaver,Rod Sets,Medium,Stable,,25000,31600,,2026-10-05 19:55:08
Sunken Ship,Bobbers,,,,,,,2026-10-05 19:55:08
Sunken Diver,Bobbers,,,,,,,2026-10-05 19:55:08
Toxic Flower,Bobbers,,,,,,,2026-10-05 19:55:08
Fisch Coin,Bobbers,,,,,,,2026-10-05 19:55:08
Guitar Pick,Bobbers,,,,,,,2026-10-05 19:55:08
Not-So-Largemouth Bass,Bobbers,,,,,,,2026-10-05 19:55:08
Golden Coin,Bobbers,,,,,,,2026-10-05 19:55:08
Chocolate,Bobbers,,,,,,,2026-10-05 19:55:08
Love Letter,Bobbers,,,,,,,2026-10-05 19:55:08
Gingerbread Nessie Bobber,Bobbers,,,,,,,2026-10-05 19:55:08
Melty Man Bobber,Bobbers,,,,,,,2026-10-05 19:55:08
Frostwhale,Bobbers,,,,,,,2026-10-05 19:55:08
Santa's Hat,Bobbers,,,,,,,2026-10-05 19:55:08
Ribbon,Bobbers,,,,,,,2026-10-05 19:55:08
Wreath,Bobbers,,,,,,,2026-10-05 19:55:08
Chimney,Bobbers,,,,,,,2026-10-05 19:55:08
Apple Pie Slice,Bobbers,,,,,,,2026-10-05 19:55:08
Mimic Spellbook,Bobbers,,,,,,,2026-10-05 19:55:08
Ghost,Bobbers,,,,,,,2026-10-05 19:55:08
Spider,Bobbers,,,,,,,2026-10-05 19:55:08
Lollipop,Bobbers,,,,,,,2026-10-05 19:55:08
Telescope,Bobbers,,,,,,,2026-10-05 19:55:08
Meteor,Bobbers,,,,,,,2026-10-05 19:55:08
Coconut,Bobbers,,,,,325000,,2026-10-05 19:55:08
Easter Egg,Bobbers,,,,,,,2026-10-05 19:55:08
Ruined Dreamer,Bobbers,,,,,,,2026-10-05 19:55:08
Clover,Bobbers,,,,,,,2026-10-05 19:55:08
Volcano Bobber,Bobbers,,,,,,,2026-10-05 19:55:08
Red Rose,Bobbers,,,,,,,2026-10-05 19:55:08
Lion's Mane,Bobbers,Very Low,Stable,,2900,,,2026-10-05 19:55:08
Blue Starbun,Bobbers,Very Low,Stable,,280,,,2026-10-05 19:55:08
Glimmer,Bobbers,,,,,,,2026-10-05 19:55:08
Jingle Bell,Bobbers,,,,,,,2026-10-05 19:55:08
XMAS Ornament,Bobbers,,,,,,,2026-10-05 19:55:08
Red Festive Light,Bobbers,,,,,,,2026-10-05 19:55:08
White Festive Light,Bobbers,,,,,,,2026-10-05 19:55:08
Huge,Bobbers,,,,,,,2026-10-05 19:55:08
Wireframe,Bobbers,,,,,,,2026-10-05 19:55:08
Translucent,Bobbers,,,,,,,2026-10-05 19:55:08
Income,Bobbers,,,,,,,2026-10-05 19:55:08
LED,Bobbers,,,,,,,2026-10-05 19:55:08
